{
    "os": "Linux-6.1.85+-x86_64-with-glibc2.35",
    "python": "3.10.12",
    "heartbeatAt": "2024-05-28T11:11:22.270400",
    "startedAt": "2024-05-28T11:11:16.464178",
    "docker": null,
    "cuda": null,
    "args": null,
    "state": "running",
    "program": "Assignment.ipynb",
    "colab": "https://colab.research.google.com/notebook#fileId=1Hur--LvyAsECncpuQ0pMrUygjrbXMIlz",
    "host": "54197763c8a8",
    "username": "root",
    "executable": "/usr/bin/python3",
    "cpu_count": 6,
    "cpu_count_logical": 12,
    "cpu_freq": {
        "current": 2200.1880000000006,
        "min": 0.0,
        "max": 0.0
    },
    "cpu_freq_per_core": [
        {
            "current": 2200.188,
            "min": 0.0,
            "max": 0.0
        },
        {
            "current": 2200.188,
            "min": 0.0,
            "max": 0.0
        },
        {
            "current": 2200.188,
            "min": 0.0,
            "max": 0.0
        },
        {
            "current": 2200.188,
            "min": 0.0,
            "max": 0.0
        },
        {
            "current": 2200.188,
            "min": 0.0,
            "max": 0.0
        },
        {
            "current": 2200.188,
            "min": 0.0,
            "max": 0.0
        },
        {
            "current": 2200.188,
            "min": 0.0,
            "max": 0.0
        },
        {
            "current": 2200.188,
            "min": 0.0,
            "max": 0.0
        },
        {
            "current": 2200.188,
            "min": 0.0,
            "max": 0.0
        },
        {
            "current": 2200.188,
            "min": 0.0,
            "max": 0.0
        },
        {
            "current": 2200.188,
            "min": 0.0,
            "max": 0.0
        },
        {
            "current": 2200.188,
            "min": 0.0,
            "max": 0.0
        }
    ],
    "disk": {
        "total": 201.22513961791992,
        "used": 32.7668342590332
    },
    "gpu": "NVIDIA A100-SXM4-40GB",
    "gpu_count": 1,
    "gpu_devices": [
        {
            "name": "NVIDIA A100-SXM4-40GB",
            "memory_total": 42949672960
        }
    ],
    "memory": {
        "total": 83.47705078125
    }
}
