{
    "os": "Linux-6.1.85+-x86_64-with-glibc2.35",
    "python": "3.10.12",
    "heartbeatAt": "2024-05-30T07:52:17.503921",
    "startedAt": "2024-05-30T07:52:11.722088",
    "docker": null,
    "cuda": null,
    "args": null,
    "state": "running",
    "program": "Assignment.ipynb",
    "colab": "https://colab.research.google.com/notebook#fileId=1Hur--LvyAsECncpuQ0pMrUygjrbXMIlz",
    "host": "96751618a3bc",
    "username": "root",
    "executable": "/usr/bin/python3",
    "cpu_count": 4,
    "cpu_count_logical": 8,
    "cpu_freq": {
        "current": 2000.142,
        "min": 0.0,
        "max": 0.0
    },
    "cpu_freq_per_core": [
        {
            "current": 2000.142,
            "min": 0.0,
            "max": 0.0
        },
        {
            "current": 2000.142,
            "min": 0.0,
            "max": 0.0
        },
        {
            "current": 2000.142,
            "min": 0.0,
            "max": 0.0
        },
        {
            "current": 2000.142,
            "min": 0.0,
            "max": 0.0
        },
        {
            "current": 2000.142,
            "min": 0.0,
            "max": 0.0
        },
        {
            "current": 2000.142,
            "min": 0.0,
            "max": 0.0
        },
        {
            "current": 2000.142,
            "min": 0.0,
            "max": 0.0
        },
        {
            "current": 2000.142,
            "min": 0.0,
            "max": 0.0
        }
    ],
    "disk": {
        "total": 201.22513961791992,
        "used": 32.80168151855469
    },
    "gpu": "Tesla T4",
    "gpu_count": 1,
    "gpu_devices": [
        {
            "name": "Tesla T4",
            "memory_total": 16106127360
        }
    ],
    "memory": {
        "total": 50.99364471435547
    }
}
