GRD_PTS_PER_UNIT,At_Risk,CATALOG_NBR,GPAO,ANON_INSTR_ID,TERM,HSGPA,LAST_ACT_ENGL_SCORE,LAST_ACT_MATH_SCORE,LAST_ACT_READ_SCORE,LAST_ACT_SCIRE_SCORE,LAST_ACT_COMP_SCORE,SEX
2,F,271,2.945,3057,102,,,,,,,F
1.7,F,271,3.11875,1996,102,3.9,29,26,34,32,31,F
0,T,271,2.5,4230,102,0,25,30,,,30,F
2,F,271,3.738461538,56,102,3.7,25,34,,,32,F
2.4,F,271,3.326530612,283,102,3.6,,,,,,M
2,F,271,3.176923077,2889,102,3.2,,,,,,F
2.7,F,271,3.344,3493,102,3.9,,,,,,F
2.7,F,271,3.354545455,56,102,3.6,,,,,,M
1.7,F,271,2.7,410,102,3.9,27,30,20,29,27,M
2.3,F,271,3.110606061,1996,102,,,,3.5,26,26,?
2,F,271,2.626829268,3558,102,4,,,,,,F
2.7,F,271,3.604761905,3057,102,3.3,27,25,25,23,25,F
2.7,F,271,3.7875,410,102,3.7,32,30,32,31,31,F
2.3,F,271,3.248,1675,102,3.5,,,,,,F
4,F,271,3.9,17,102,4,32,35,32,31,32,F
2.7,F,271,3.05,410,102,3.7,32,32,,,30,M
2,F,271,3.45,2889,102,3.9,35,33,32,30,33,F
3.7,F,271,3.859259259,1895,102,0,22,32,,,27,F
4,F,271,3.653658537,2259,102,0,,,,,,F
2,F,271,2.903603604,1862,102,3.6,,,,,,F
4,F,271,3.982608696,1862,102,3.4,,,,,,F
0,T,271,2.408333333,846,102,,,,,,,M
4,F,271,3.635714286,1895,102,0,,,,,,F
1.7,F,271,2.870731707,3345,102,3.7,36,32,35,26,32,F
2.7,F,271,3.07027027,3558,102,3.8,29,35,34,33,33,M
0,T,271,3.217647059,3057,102,4,29,28,,,30,M
2,F,271,2.777631579,3057,102,3.71,23,23,20,25,23,M
3.3,F,271,3.784,4230,102,0,32,34,36,33,34,F
2.3,F,271,3.384210526,3057,102,3.7,,,,,,M
0,T,271,2.866129032,3558,102,3.9,30,25,30,25,28,F
2,F,271,3.317647059,56,102,3.7,33,27,,,29,F
2.3,F,271,3.742857143,4683,102,,,,,,,F
3.7,F,271,3.58,2495,102,3.9,33,32,,,32,F
1.3,F,271,2.445454545,2495,102,3.4,29,28,31,27,29,M
3,F,271,3.250909091,846,102,3.9,26,25,25,21,24,F
1.7,F,271,3.3,3558,102,4,29,24,25,23,26,F
3.7,F,271,3.566666667,283,102,3.5,,,,,,M
4,F,271,4.128,1862,102,4,26,23,20,22,23,F
3.3,F,271,3.877981651,2889,102,3.8,26,34,,,26,M
2.4,F,271,2.225925926,3717,102,0,,,,,,F
4,F,271,3.739130435,17,102,3.2,23,28,32,31,28,M
0,T,271,3.047058824,283,102,3.9,30,36,29,26,30,F
2.3,F,271,3.340816327,3057,102,,,,,,,M
3.7,F,271,3.695505618,3558,102,0,32,32,29,29,31,F
2.7,F,271,3.315909091,1996,102,3.9,,,,,,F
3,F,271,3.267605634,4230,102,,,,,,,F
0,T,271,3.45952381,2259,102,3.7,,,,,,F
1.7,F,271,3.08974359,3493,102,3.5,,,,,,M
3.3,F,271,3.788461538,3558,102,,,,,,,M
3,F,271,3.827272727,2259,102,0,,,,,,M
2.7,F,271,3.742372881,3493,102,3.9,28,22,,,25,F
1.7,F,271,2.301785714,2259,102,3.7,24,27,23,26,25,F
4,F,271,3.739473684,846,102,3.3,,,,,,F
1,T,271,3.06,4683,102,3.7,,,,,,M
3.3,F,271,3.466666667,846,102,3.6,,,,,,F
4,F,271,3.338095238,3717,102,3.4,,,,,,F
2,F,271,3.611111111,17,102,3.9,26,31,31,26,29,F
3,F,271,3.171794872,283,102,3.7,,,,,,M
0,T,271,3.15982906,1675,102,0,,,,,,M
3.7,F,271,3.380487805,3345,102,0,,,,,,F
0,T,271,3.054901961,3717,102,3.9,,,,,,M
2.7,F,271,3.39047619,4683,102,3.88,31,34,,,32,M
2.7,F,271,3.256818182,3558,102,,,,,,,M
1,T,271,2.961538462,283,102,3.2,20,25,20,22,22,F
2.3,F,271,3.18,2259,102,3.9,35,23,33,22,28,F
0,T,271,2.7,283,102,3.9,30,32,33,30,31,F
2.7,F,271,3.234782609,4230,102,3.9,,,,,,F
3,F,271,3.72173913,2495,102,3.9,,,,,,M
2,F,271,2.3,846,102,3.7,21,25,19,22,22,F
2.3,F,271,2.61509434,410,102,3.8,28,25,27,24,26,M
2.3,F,271,3.493023256,4230,102,,,,,,,F
2.7,F,271,3.088235294,3057,102,3.9,,,,,,F
3.7,F,271,3.429032258,1895,102,3.8,30,25,23,23,25,F
2.4,F,271,3.453191489,2889,102,3.9,35,27,31,33,32,M
2.3,F,271,3.134146341,410,102,3.3,28,31,32,28,30,F
4,F,271,3.907692308,3057,102,3.9,25,27,30,27,28,M
4,F,271,4.034285714,283,102,3.8,25,28,27,25,26,F
2.7,F,271,3.271428571,846,102,3.8,,,,,,F
1,T,271,2.424242424,4683,102,0,31,27,30,25,29,F
0,T,271,2.989189189,56,102,3.9,35,28,30,27,30,M
2.3,F,271,3.2,17,102,3.8,26,35,30,28,30,M
2.3,F,271,3.363636364,3057,102,3.8,,,,,,F
3,F,271,2.959090909,3558,102,3.9,,,,,,F
0,T,271,2.607894737,3345,102,3.89,28,31,,,32,F
2,F,271,2.968181818,410,102,4,26,29,24,23,25,M
4,F,271,3.675438596,3493,102,0,,,,,,F
2.7,F,271,2.988888889,3717,102,3.5,,,,,,M
3,F,271,3.623809524,2889,102,,,,,,,M
3,F,271,3.753846154,846,102,3.9,34,28,24,26,28,F
4,F,271,4.139130435,283,102,3.9,,,,,,F
0,T,271,2.3,846,102,3.4,22,28,,,30,F
1.7,F,271,2.636263736,3057,102,3.8,26,24,23,20,24,M
4,F,271,3.735135135,1895,102,3.1,27,28,21,25,26,M
0,T,271,2.9,3717,102,0,,,,,,M
4,F,271,4,3493,102,3.7,33,29,28,27,30,F
3.3,F,271,3.506976744,1895,102,3.5,18,17,19,20,18,M
2,F,271,2.949090909,283,102,3.9,28,30,28,25,28,F
1.3,F,271,2.887755102,2495,102,3.5,29,25,30,24,27,M
3.3,F,271,3.3,3558,102,3.9,32,26,32,29,30,F
2.4,F,271,3.654545455,1996,102,3.5,22,23,20,22,22,M
2.4,F,271,3.424,1862,102,3.9,35,34,28,36,33,M
2,F,271,2.993023256,2889,102,3.2,,,,,,M
2.3,F,271,3.727777778,1862,102,3.1,28,25,32,23,27,M
3.3,F,271,4.016,4683,102,3.6,,,,,,M
1.7,F,271,3.456,846,102,3,,,,,,F
0,T,271,3.0975,4230,102,,,,,,,F
4,F,271,4.03,1675,102,4,,,,,,M
2,F,271,3.566666667,4230,102,3.6,,,,,,M
3.3,F,271,3.571428571,410,102,3.3,,,,,,M
2,F,271,3.953846154,3493,102,0,21,18,19,21,20,F
3,F,271,3.324528302,1675,102,3.3,,,,,,F
3.4,F,271,3.473170732,4683,102,4,26,25,27,20,24,F
3.7,F,271,3.394736842,3558,102,0,,,,,,M
2.7,F,271,3.819047619,2495,102,3.5,,,,,,F
2,F,271,3,1862,102,2.7,23,25,27,28,26,M
3.3,F,271,3.673333333,410,102,3.7,26,28,31,29,29,F
2,F,271,2.392307692,17,102,3.9,30,33,34,28,31,F
1.7,F,271,2.564285714,1996,102,3.7,,,,,,M
0,T,271,2.983333333,2495,102,4,,,,,,M
2.7,F,271,2.923529412,1675,102,3.7,17,22,23,19,21,M
4,F,271,3.84,1675,102,,,,,,,M
2,F,271,3.255813953,4683,102,3.9,22,19,27,21,22,F
3.3,F,271,3.447058824,2889,102,3.9,33,28,33,28,30,F
2.7,F,271,3.727586207,56,102,3.7,23,35,31,27,29,M
2,F,271,3.238709677,2889,102,0,25,24,23,22,24,F
2.7,F,271,3.211904762,3345,102,4,28,26,27,28,28,M
3.3,F,271,3.68,2889,102,3,,,,,,M
2,F,271,3.3,410,102,4,34,29,33,28,31,F
4,F,271,3.812820513,1675,102,3.9,30,26,25,24,26,F
3.7,F,271,3.510526316,3345,102,3.5,26,25,25,25,26,F
2.7,F,271,3.257446809,4230,102,3.8,32,29,32,26,30,M
2.7,F,271,3.191304348,3717,102,3.7,,,,,,M
1.7,F,271,3.06,410,102,4,31,34,25,30,30,F
4,F,271,4.19047619,1996,102,0,,,,,,F
0,T,271,2.6575,4683,102,4,33,33,31,33,32,M
2.3,F,271,2.428571429,3057,102,3.4,28,34,,,33,M
2,F,271,2.976,3558,102,3.5,,,,,,M
3,F,271,3.164,2259,102,4,30,27,31,27,29,M
1.7,F,271,3.857777778,1895,102,3.5,,,,,,F
2.7,F,271,3.38,410,102,2.6,,,,,,F
3,F,271,3.634782609,1862,102,,,,,,,M
2,F,271,3.588571429,3057,102,3.4,,,,,,F
0,T,271,2.658181818,1996,102,3.8,29,27,26,29,28,M
4,F,271,3.807407407,2495,102,3.7,25,24,22,24,24,F
3,F,271,3.7,17,102,3.4,,,,,,F
1.7,F,271,3.409803922,17,102,0,,,,,,F
4,F,271,3.754545455,4683,102,3.8,31,34,23,27,29,M
1.7,F,271,3.353030303,4230,102,3.7,24,31,21,23,25,M
3.3,F,271,3.866666667,410,102,3.8,,,,,,F
4,F,271,3.822222222,2259,102,3.4,25,28,30,24,27,F
2.7,F,271,3.76,1675,102,3.9,31,26,32,26,29,F
3.3,F,271,3.6425,17,102,0,26,34,23,26,27,M
3,F,271,3.258333333,56,102,2.9,,,,,,F
3,F,271,3.784,283,102,3.6,,,,,,F
0,T,271,2.954545455,4683,102,3.6,,,,,,F
3.3,F,271,3.261627907,4230,102,3.9,29,30,,,28,M
2.3,F,271,3.309090909,3345,102,4,,,,,,M
2.4,F,271,3.619512195,1895,102,3.9,30,27,31,26,28,F
2,F,271,3.969811321,4230,102,3.6,27,29,31,30,30,M
2,F,271,3.688888889,4683,102,3.8,31,28,30,25,29,M
4,F,271,4.145454545,2889,102,3.9,,,,,,M
2.3,F,271,2.9,1862,102,,,,,,,M
3.3,F,271,3.558974359,410,102,4,29,31,25,27,28,F
2.7,F,271,3.170588235,846,102,3.7,,,,,,M
3.7,F,271,3.58372093,4230,102,3.2,20,26,,,23,M
4,F,271,3.42195122,2259,102,3.52,35,28,28,29,30,F
4,F,271,4.060869565,2259,102,,3.7,28,26,32,28,?
4,F,271,4.256,283,102,3.2,23,24,21,21,22,F
4,F,271,3.013178295,3057,102,4,28,29,27,26,27,F
4,F,271,3.752,3558,102,3.9,33,30,34,29,32,F
4,F,271,4.184,283,102,0,,,,,,M
3.3,F,271,3.519047619,1996,102,3.8,27,30,31,30,29,M
3,F,271,3.909090909,1862,102,3.8,29,25,28,26,27,M
1.7,F,271,2.994871795,1675,102,3.8,28,30,34,27,30,M
2.7,F,271,3.523809524,1895,102,3.9,,,,,,F
2,F,271,3.424,3345,102,3.17,34,32,30,31,32,F
2.7,F,271,3.568,1675,102,,,,,,,F
0,T,271,1.954444444,1895,102,,3.7,29,35,29,35,1410.0
4,F,271,3.5,1675,102,3.4,,,,,,M
2.3,F,271,3.475531915,1862,102,3.7,32,27,31,26,29,F
4,F,271,3.82,17,102,4,29,35,27,28,30,F
0,T,271,3.027777778,2259,102,3.9,32,27,32,30,31,M
3.7,F,271,2.991071429,3493,102,0,32,32,36,33,33,F
3,F,271,3.665625,2495,102,0,28,30,28,24,27,F
3,F,271,3.228205128,3345,102,3.1,,,,,,F
4,F,271,3.460606061,2259,102,3.7,28,24,28,32,28,M
3.7,F,271,4,283,102,,,,,,,M
0,T,271,3.485714286,1996,102,3.2,,,,,,F
2,F,271,3.07027027,3717,102,3.8,31,31,29,25,29,M
3.3,F,271,3.603333333,410,102,3.5,,,,,,M
0,T,271,2.549180328,3345,102,,3.8,33,33,29,26,1280.0
2.7,F,271,3.570833333,2259,102,,,,,,,M
2.3,F,271,3.547368421,283,102,0,18,29,17,19,21,F
3,F,271,3.875,2495,102,0,,,,,,M
3,F,271,3.904545455,17,102,3.9,,,,,,F
2.3,F,271,3.38,17,102,3.6,27,29,30,24,28,M
4,F,271,4.139130435,17,102,3.2,,,,,,M
3.3,F,271,3.56744186,1996,102,,4,32,30,27,28,?
3.3,F,271,3.918181818,3345,102,3.7,,,,,,F
2.3,F,271,2.772222222,410,102,0,24,34,,,30,M
2.7,F,271,3.3625,4230,102,0,,,,,,M
4,F,271,4,56,102,0,,,,,,F
1.7,F,271,3.433898305,56,102,,34,29,28,26,30,M
2.7,F,271,3.140909091,1675,102,3.4,,,,,,M
1,T,271,2.318604651,2259,102,,,,,,,F
3.3,F,271,3.505882353,2259,102,3.8,,,,,,F
1.7,F,271,2.5,3558,102,3.8,26,26,31,22,26,M
0,T,271,3.043243243,410,102,3.6,22,16,27,22,22,M
1.7,F,271,2.807317073,1675,102,0,24,28,35,34,30,M
2.3,F,271,3.502702703,1895,102,3.8,26,28,24,26,26,F
3.4,F,271,3.645454545,846,102,2.4,20,17,20,19,19,M
2,F,271,2.847058824,3558,102,3.1,31,34,33,29,32,M
4,F,271,3.86,17,102,3.9,25,29,21,25,25,F
4,F,271,3.937931034,3717,102,3.8,34,34,30,27,31,F
4,F,271,4.082352941,283,102,3.9,30,34,34,32,32,F
3,F,271,3.39047619,846,102,4,,,,,,M
2,F,271,2.986111111,3493,102,,,,,,,M
2,F,271,3.009756098,1895,102,0,,,,,,F
2,F,271,3.122222222,3345,102,4,33,36,32,34,34,M
2.7,F,271,2.954545455,1996,102,3.3,,,,,,F
0,T,271,3.155555556,4230,102,3,,,,,,M
3,F,271,3.340540541,3558,102,3.8,31,32,,,30,M
2.3,F,271,2.809230769,2889,102,3.1,,,,,,M
4,F,271,3.118309859,3717,102,4,,,,,,F
0,T,271,3.081578947,2889,102,3.8,35,34,35,28,33,M
1,T,271,2.951282051,3717,102,4,,,,,,F
2,F,271,3.172727273,410,102,3.8,,,,,,F
2.7,F,271,3.520930233,3345,102,3.9,,,,,,M
0,T,271,2.219047619,846,102,3.8,29,32,28,31,30,M
1,T,271,3.446511628,1895,102,3.6,,,,,,F
2.3,F,271,3.387804878,3345,102,,3.9,27,26,33,28,?
2.7,F,271,3.096610169,2259,102,3,,,,,,F
1.7,F,271,2.584210526,3558,102,3.5,,,,,,M
0,T,271,2.050649351,2889,102,3.1,,,,,,M
2.7,F,271,3.235483871,2259,102,3.9,,,,,,F
0,T,271,2.448648649,3345,102,3.8,,,,,,M
3,F,271,3.576470588,2495,102,0,,,,,,F
1.7,F,271,2.833898305,1996,102,0,,,,,,M
3.7,F,271,3.741463415,3493,102,0,,,,,,F
2.3,F,271,3.041025641,283,102,3.2,,,,,,M
1,T,271,2.971428571,1675,102,3.2,,,,,,M
4,F,271,3.82173913,410,102,3.7,25,20,33,25,26,F
3,F,271,3.539473684,56,102,0,,,,,,F
3,F,271,3.578125,17,102,3.8,32,33,30,25,30,F
2.7,F,271,3.947368421,4683,102,3.8,27,31,,,27,F
2.7,F,271,3.614634146,3345,102,3.3,31,27,31,30,30,M
2,F,271,3.455,4683,102,4,,,,,,M
4,F,271,4.186666667,4230,102,3.8,30,27,30,27,28,M
2,F,271,2.950704225,846,102,2.8,,,,,,M
3,F,271,3.918181818,2889,102,4,34,31,,,33,F
4,F,271,3.747619048,3493,102,4,,,,,,F
0,T,271,2.7,2495,102,3,34,34,35,34,35,M
4,F,271,4,283,102,,,,,,,M
1.7,F,271,3.305405405,1996,102,3.9,29,24,,,25,F
4,F,271,3.971428571,1862,102,3.8,,,,,,F
1.7,F,271,2.528571429,3717,102,3.9,,,,,,M
1.7,F,271,2.575609756,4230,102,3.6,,,,,,M
2.7,F,271,3.290697674,1996,102,3.9,,,,,,F
1.3,F,271,2.275,1862,102,0,,,,,,M
0,T,271,2.456451613,56,102,3.5,29,34,33,35,33,M
2,F,271,3.046511628,2259,102,0,27,23,30,28,27,F
2.3,F,271,2.97,2495,102,3.8,33,34,36,36,35,F
2,F,271,2.84,3558,102,3.2,28,33,31,28,30,M
4,F,271,4.082352941,283,102,,,,,,,M
2,F,271,2.882051282,3558,102,3.6,,,,,,F
0,T,271,2.773809524,1862,102,3.7,32,27,34,29,30,F
0,T,271,2.282692308,1675,102,3.8,28,26,33,26,29,F
1.7,F,271,3.306122449,1675,102,4,36,35,35,34,35,F
2.3,F,271,3.496428571,3493,102,3.3,,,,,,M
0,T,271,3.035714286,2495,102,0,29,35,27,29,30,M
3,F,271,3.6,3493,102,3.7,27,29,,,30,F
3,F,271,3.580434783,1996,102,3.5,35,32,33,30,33,M
3,F,271,3.33,1996,102,3.4,32,30,34,30,32,M
4,F,271,4.051851852,4683,102,4,25,35,32,32,31,M
2.7,F,271,3.748837209,3493,102,3.6,,,,,,M
3,F,271,3.13125,1675,102,0,27,27,23,25,25,F
2.3,F,271,3.318181818,1996,102,4,23,33,23,24,26,M
2,F,271,3.884444444,3345,102,3.7,26,27,33,27,28,F
3,F,271,3.821052632,2495,102,0,29,35,31,32,32,F
0,T,271,2.954545455,4683,102,4,25,28,30,29,28,M
2,F,271,3.382051282,283,102,3.7,,,,,,F
2,F,271,3.241935484,1675,102,4,31,34,30,34,33,M
3.7,F,271,3.819047619,56,102,4,23,24,23,25,24,M
2.7,F,271,3.523255814,4683,102,3.9,24,27,22,23,24,F
0,T,271,1.925,1862,102,4,,,,,,F
4,F,271,3.602272727,3558,102,2.9,24,25,27,25,25,M
3.3,F,271,3.418421053,3493,102,0,,,,,,M
3.3,F,271,3.783333333,3057,102,3.3,,,,,,F
0,T,271,3.0975,2495,102,4,33,32,34,32,33,M
0.7,T,271,1.998989899,3717,102,2.7,,,,,,F
2,F,271,3.346341463,846,102,4,35,32,30,28,32,M
4,F,271,4.042105263,4683,102,3.7,22,20,23,24,23,M
2.3,F,271,3.188,17,102,3.5,,,,,,M
2.3,F,271,3.486486486,4683,102,3.9,24,34,32,29,30,M
0,T,271,4.24,410,102,3.9,,,,,,F
2.4,F,271,3.142857143,3493,102,3.7,32,28,31,25,29,F
3.3,F,271,3.256097561,3057,102,3.7,,,,,,F
4,F,271,3.904,56,102,3.43,35,36,33,28,33,M
2.7,F,271,3.464864865,3558,102,3.9,32,34,32,36,34,M
4,F,271,3.816,1895,102,3.9,29,29,28,24,28,M
4,F,271,4.03,1895,102,0,,,,,,F
4,F,271,3.883333333,2889,102,3.9,23,18,23,24,22,M
2,F,271,3.365217391,3558,102,0,29,36,26,28,30,M
1.7,F,271,3.131111111,2259,102,3.7,25,36,,,29,F
0,T,271,4.02,410,102,3.8,,,,,,M
4,F,271,4.073809524,2259,102,3.5,,,,,,F
4,F,271,3.736,3057,102,3.5,22,27,28,26,26,M
4,F,271,3.9,3345,102,3.8,,,,,,F
4,F,271,3.925,1996,102,3.9,32,27,30,27,29,F
3,F,271,3.321153846,4230,102,3.8,,,,,,F
1.7,F,271,3.426086957,3493,102,3.5,25,33,,,28,F
2.7,F,271,3.012820513,4683,102,3.9,,,,,,F
3.3,F,271,3.231578947,1895,102,0,,,,,,F
2.3,F,271,3.496,1895,102,3.8,25,35,,,31,M
4,F,271,3.945454545,3345,102,3.1,21,19,25,22,22,F
0,T,271,3.052173913,283,102,3.9,36,34,36,31,34,F
2.7,F,271,3.12,4230,102,3.7,34,36,32,34,34,F
0,T,271,2.971428571,410,102,,,,3.8,23,29,?
2.7,F,271,2.48625,410,102,0,,,,,,F
3.3,F,271,3.660869565,3493,102,,,,,,,M
2.7,F,271,3.635555556,410,102,3.8,23,23,21,23,23,F
4,F,271,4,2259,102,3.8,33,33,26,28,30,F
4,F,271,3.589473684,3493,102,3.9,29,29,25,30,28,M
3.4,F,271,3.679545455,56,102,3.9,32,28,33,27,30,F
4,F,271,3.376,3057,102,3.9,25,35,,,28,F
0,T,271,3.060465116,1895,102,3.9,22,30,27,28,27,M
2,F,271,3.282051282,4683,102,4,,,,,,F
2,F,271,3.18,846,102,4,34,27,32,28,31,F
4,F,271,4,56,102,0,,,,,,M
4.4,F,271,4.4,1895,102,2.8,,,,,,M
3,F,271,3.618181818,1675,102,3.9,31,32,24,24,28,F
4,F,271,3.877981651,3493,102,,,,,,,?
0,T,271,3.460526316,3717,102,,,,,,,?
3.3,F,271,3.748,1675,102,,,,,,,?
3.3,F,271,3.719148936,3558,102,,,,,,,?
4,F,271,3.808333333,2542,103,4,,,,,,F
4,F,271,3.936363636,56,103,4,,,,,,F
3.7,F,271,3.788095238,2851,103,0,31,30,28,26,29,F
1,T,271,2.019047619,2851,103,2.8,,,,,,M
2,F,271,3.055813953,56,103,3.4,23,34,23,30,28,M
3.3,F,271,3.414035088,756,103,3.3,33,30,28,27,30,F
1.7,F,271,3.720930233,56,103,4,,,,,,M
2.7,F,271,3.4,2851,103,0,26,27,33,24,28,F
4,F,271,4,2237,103,3.3,31,24,,,22,F
4,F,271,3.692307692,756,103,,,,,,,M
3,F,271,3.347727273,2851,103,,,,,,,F
2.3,F,271,2.960526316,2542,103,3.9,30,32,31,27,30,F
3,F,271,3.3,756,103,0,33,30,,,29,M
3.7,F,271,3.7,2237,103,3.8,27,30,,,32,M
4,F,271,3.276190476,56,103,3.5,,,,,,M
2,F,271,3.276470588,2237,103,3.9,32,24,25,23,26,F
1.7,F,271,1.766666667,756,103,3.7,21,25,19,22,22,F
2,F,271,2.785714286,2542,103,3.7,,,,,,M
0,T,271,2.673584906,756,103,,,,,,,M
2.3,F,271,2.931868132,2542,103,3.5,30,25,32,25,28,F
3.4,F,271,3.461904762,2851,103,3.5,,,,,,M
0,T,271,2.810526316,2851,103,0,,,,,,F
2.7,F,271,3.007692308,756,103,3.9,21,23,24,23,23,F
3.3,F,271,3.774074074,2542,103,3.9,,,,,,M
2.3,F,271,2.216216216,56,103,3.7,33,35,28,28,31,M
1.7,F,271,2.105555556,2542,103,3.7,,,,,,M
3.3,F,271,3.365853659,2542,103,2.9,,,,,,F
3.3,F,271,3.907692308,756,103,3.6,,,,,,F
3.3,F,271,3.133333333,756,103,3.9,29,31,34,29,31,M
3.4,F,271,3.492631579,2542,103,3.9,29,35,22,28,29,F
2.3,F,271,3.563157895,56,103,3.9,,,,,,M
3.4,F,271,3.260377358,56,103,3.5,27,31,27,27,28,M
2.7,F,271,3.506818182,756,103,3.7,,,,,,F
1,T,271,2.373563218,2542,103,0,,,,,,M
2.7,F,271,2.976271186,2851,103,0,31,29,26,24,28,F
2.3,F,271,2.98372093,2851,103,,,,,,,F
3.3,F,271,3.234782609,2237,103,3.8,25,32,26,31,28,F
1.7,F,271,2.732258065,56,103,3.68,34,33,28,29,31,M
1.7,F,271,3,2851,103,3.9,,,,,,F
2.7,F,271,2.719607843,2542,103,4,,,,,,M
2.3,F,271,4.133333333,2851,103,3.5,25,26,25,25,25,M
2,F,271,2.707692308,2542,103,0,,,,,,M
4,F,271,3.595454545,2542,103,4,33,30,30,36,32,F
4,F,271,4,2851,103,0,,,,,,M
1,T,271,1.61,2237,103,,4,28,26,30,24,?
4,F,271,3.715789474,2542,103,4,33,30,36,33,33,F
3,F,271,3.239215686,2237,103,3.9,28,25,30,27,28,M
3.7,F,271,3.880487805,2542,103,4,28,34,,,27,F
2.7,F,271,3.262162162,756,103,0,,,,,,M
4,F,271,3.890909091,2851,103,3.8,25,29,23,27,26,M
2,F,271,2.747619048,56,103,3.1,,,,,,M
2,F,271,3.054761905,2237,103,3.9,30,31,32,34,32,F
1,T,271,2.15,2542,103,3.5,,,,,,F
4,F,271,3.572093023,756,103,4,33,25,35,30,31,F
2.3,F,271,2.383783784,2542,103,3.9,,,,,,F
2.7,F,271,3.467567568,756,103,,,,,,,M
0,T,271,2.815625,2237,103,3.9,33,35,32,36,34,M
2,F,271,2.974418605,2542,103,4,,,,,,F
0,T,271,1.572,56,103,3.9,29,30,25,32,29,F
0,T,271,2.335416667,56,103,3.74,26,31,30,26,29,F
3.7,F,271,3.293023256,2851,103,,,,,,,M
2,F,271,4,2851,103,0,23,27,27,25,26,M
4,F,271,3.47826087,2851,103,3.3,,,,,,M
3.3,F,271,3.875,756,103,3.9,28,31,24,24,27,M
4,F,271,3.615909091,2851,103,3.9,25,28,27,27,27,F
2,F,271,2.9,2237,103,3.8,,,,,,M
0,T,271,3.180487805,756,103,0,,,,,,F
3.7,F,271,4.056,2542,103,0,,,,,,M
2.7,F,271,2.808474576,2542,103,2.7,,,,,,F
2,F,271,3.28,2851,103,3.8,29,32,26,29,29,F
4,F,271,3.7,756,103,3.8,,,,,,F
4,F,271,3.798305085,2851,103,3.5,30,35,29,35,32,M
2.7,F,271,3.316071429,56,103,3.9,,,,,,M
0,T,271,2.467307692,756,103,3.9,29,32,,,33,M
2.3,F,271,3.089830508,2851,103,3.7,27,31,32,33,31,M
2.7,F,271,3.588372093,56,103,3.7,32,34,29,30,32,M
3,F,271,3.265517241,2542,103,3.6,30,27,34,25,29,F
3,F,271,3.005084746,2851,103,,,,,,,M
3,F,271,3.6425,756,103,3.1,,,,,,M
4,F,271,4.256,3040,106,,,,,,,?
2.7,F,271,3.27761194,3499,106,,,,,,,?
2.3,F,271,3.948148148,3915,106,,,,,,,?
2.3,F,271,3.473170732,2079,106,,,,,,,?
1.7,F,271,3.271111111,919,106,,,,,,,?
3,F,271,3.626666667,3442,106,,,,,,,?
0,T,271,2.567924528,3040,106,,,,,,,?
2.7,F,271,3.319047619,2032,107,3.7,32,32,,,32,M
3,F,271,3.866666667,733,107,3.8,31,34,28,24,30,F
3.3,F,271,3.883333333,3305,107,,,,,,,M
3.3,F,271,2.514893617,4396,107,3.7,,,,,,F
2.7,F,271,3.031481481,2032,107,3.9,28,30,31,29,29,F
2.3,F,271,2.983146067,3305,107,3.4,27,31,,,28,M
4,F,271,3.913333333,3881,107,,,,,,,F
3.7,F,271,3.492307692,3305,107,0,,,,,,M
4,F,271,3.480952381,4396,107,0,32,29,28,29,29,F
3,F,271,3.556521739,4396,107,3.7,29,28,30,25,28,F
2.3,F,271,3.254545455,3305,107,3.9,30,28,27,25,28,F
3.3,F,271,3.201851852,3305,107,3.7,,,,,,M
4,F,271,3.827272727,3881,107,4,35,34,32,32,33,F
2.7,F,271,3.727118644,4396,107,3.8,29,21,24,24,25,M
3.3,F,271,3.604,3305,107,0,30,31,26,23,28,M
3.7,F,271,3.236363636,733,107,0,,,,,,F
2,F,271,3.025,3881,107,3.9,36,29,32,26,31,F
2.3,F,271,3.567567568,3305,107,4,,,,,,F
4,F,271,3.695121951,3305,107,3.6,24,23,29,21,25,F
2.3,F,271,3.122222222,2032,107,4,33,36,36,34,35,F
4,F,271,3.545614035,2032,107,3.7,28,27,28,25,27,M
3.3,F,271,3.225,3305,107,0,25,35,,,32,F
2.7,F,271,3.178571429,2032,107,3.5,,,,,,F
1.7,F,271,2.472727273,2032,107,,,,,,,M
3.7,F,271,3.285294118,733,107,3.3,,,,,,F
2,F,271,3.053846154,4602,107,3,32,34,22,30,30,M
2.7,F,271,3.533333333,4602,107,3.9,34,36,36,35,36,M
3.3,F,271,3.116666667,2032,107,0,,,,,,M
1,T,271,2.353333333,3305,107,4,,,,,,M
3.7,F,271,3.624390244,4396,107,3.9,20,21,29,26,24,M
3.3,F,271,3.604,2032,107,4,29,29,29,23,28,F
3.3,F,271,3.642857143,3305,107,3.8,28,24,33,29,28,F
3.7,F,271,3.431818182,733,107,3.9,33,33,31,32,33,F
2.3,F,271,3.325,3305,107,3.1,,,,,,M
3.3,F,271,3.771794872,733,107,4,,,,,,M
2.7,F,271,3.581818182,2032,107,,,,,,,F
1.7,F,271,3.05,3305,107,4,32,29,33,25,30,M
4,F,271,2.95,3881,107,3.3,,,,,,M
3.3,F,271,3.344,4602,107,3.8,,,,,,M
0,T,271,1.720408163,733,107,3.5,27,29,25,26,27,M
3.7,F,271,3.54047619,3881,107,4,27,28,28,25,27,F
3.3,F,271,3.463888889,2032,107,,,,,,,M
0,T,271,2.804878049,4396,107,3.9,,,,,,M
2.3,F,271,3.505882353,3881,107,,,,,,,M
3.3,F,271,3.182051282,4396,107,,,,,,,F
2.3,F,271,3.63877551,4602,107,3.6,29,29,,,29,F
3,F,271,3.523684211,3881,107,3.4,,,,,,M
2.7,F,271,3.253488372,4602,107,4,28,29,33,30,30,M
3.3,F,271,3.154545455,4396,107,0,,,,,,M
2.7,F,271,3.47826087,2032,107,3.9,31,26,33,30,30,F
3,F,271,3.309090909,2032,107,3.9,28,33,,,33,M
1.7,F,271,2.903773585,4396,107,3.5,23,34,34,31,31,M
3.3,F,271,3.873684211,4396,107,3.9,35,35,32,30,33,F
0,T,271,2.462037037,3305,107,3.8,28,32,35,30,31,F
2.7,F,271,3.210526316,4396,107,,,,,,,F
2,F,271,3.272727273,4396,107,3.9,,,,,,M
3.3,F,271,3.472,2032,107,4,34,35,33,28,33,F
3.7,F,271,3.913043478,3305,107,3.9,28,26,27,29,28,M
2,F,271,3.391304348,2032,107,4,,,,,,M
4,F,271,3.522413793,3881,107,4,29,36,28,33,32,M
1.7,F,271,3.333333333,4602,107,3.8,,,,,,M
2.7,F,271,3.255813953,4396,107,4,,,,,,F
3.7,F,271,3.6375,4396,107,4,,,,,,F
2.3,F,271,2.562886598,4602,107,,3.9,28,28,27,29,1210.0
3,F,271,3.493478261,4396,107,3.8,,,,,,F
2,F,271,3.448979592,733,107,3.9,,,,,,M
2.4,F,271,3.014545455,4396,107,3.8,28,20,30,22,25,F
2.7,F,271,3.228571429,4602,107,3.7,,,,,,F
2.4,F,271,3.345454545,733,107,3.7,35,35,36,32,35,M
1.7,F,271,2.766666667,3881,107,3.6,28,28,33,25,29,F
2.7,F,271,3.781818182,2032,107,3.8,30,35,27,31,31,M
0,T,271,2.693333333,3881,107,3.9,33,27,29,28,30,F
3.4,F,271,3.494871795,3881,107,3.8,32,25,26,24,27,F
2.4,F,271,2.576119403,3305,107,,,,,,,F
3.7,F,271,3.467567568,733,107,3.9,,,,,,M
3,F,271,2.6575,4396,107,4,33,35,36,36,35,F
0,T,271,2.409677419,3305,107,,,,,,,M
3,F,271,3.2,3881,107,0,,,,,,M
3,F,271,3.429787234,3881,107,,,,,,,M
4,F,271,3.618918919,733,107,3.9,33,33,29,26,31,M
3.3,F,271,3.925925926,733,107,2.6,,,,,,M
0,T,271,3.053846154,2032,107,3.9,27,30,25,29,28,M
3,F,271,3.32,4602,107,4,32,36,31,31,32,M
3,F,271,3.313043478,4396,107,3.7,,,,,,M
0,T,271,2.897368421,733,107,3.9,33,35,,,33,M
2.7,F,271,3.079069767,3305,107,,,,,,,M
2,F,271,3.406818182,733,107,3.2,,,,,,M
1.7,F,271,2.5,3881,107,3.4,32,29,28,26,29,M
1.7,F,271,2.285714286,3305,107,3.9,26,34,,,34,M
0,T,271,2.808333333,4602,107,3.6,,,,,,M
4,F,271,3.926666667,2032,107,,,,,,,?
0,T,271,2.67,3881,107,,,,,,,?
4,F,271,3.705128205,4602,107,,,,,,,?
0,T,271,2.862857143,3881,107,,,,,,,?
3.7,F,271,3.346511628,733,107,,,,,,,?
2.3,F,271,3.618421053,2032,107,,,,,,,?
2.3,F,271,3.08974359,3305,107,,,,,,,?
2,F,271,2.462037037,4396,107,,,,,,,?
4,F,271,3.972727273,3881,107,,,,,,,?
3,F,271,3.469491525,2032,107,,,,,,,?
3.4,F,271,3.930769231,3881,107,,,,,,,?
3.4,F,271,3.090909091,733,107,,,,,,,?
2,F,271,2.766666667,3881,107,,,,,,,?
3,F,271,3.32,4396,107,,,,,,,?
4,F,271,3.8,4602,107,,,,,,,?
4,F,271,3.9,3305,107,,,,,,,?
3.3,F,271,3.9,3305,107,,,,,,,?
3,F,271,3.582608696,733,107,,,,,,,?
4,F,271,3.944186047,3592,110,3,,,,,,F
2.7,F,271,3.50952381,4797,110,3.6,,,,,,F
1.7,F,271,3.3425,2635,110,2.2,,,,,,F
2.3,F,271,3.695744681,1773,110,3.8,31,34,28,24,30,F
4,F,271,3.836363636,2092,110,0,,,,,,F
4,F,271,3.85,1773,110,0,34,29,34,28,31,F
3,F,271,4.029411765,4802,110,4,28,28,29,27,28,M
2,F,271,3.306382979,2092,110,4,26,27,26,32,28,F
3,F,271,3.507142857,4802,110,3.7,,,,,,F
2.7,F,271,2.990697674,3827,110,4,33,32,32,28,31,F
3,F,271,3.829166667,1773,110,3.3,35,32,33,30,32,M
4,F,271,4.028571429,2635,110,3.8,31,29,30,24,29,M
1.7,F,271,3.337209302,695,110,3.3,25,27,29,26,27,F
2.7,F,271,3.477272727,2092,110,4,29,36,31,29,31,M
0,T,271,2.82,3592,110,4,35,32,29,34,32,F
0,T,271,3.226829268,4802,110,3.7,,,,,,M
1.7,F,271,3.883333333,4797,110,4,30,33,25,32,30,F
2.7,F,271,3.595061728,3827,110,4,,,,,,F
3,F,271,3.513953488,3827,110,3.9,28,25,29,25,27,M
2.7,F,271,3.526190476,4797,110,0,,,,,,F
3.7,F,271,3.671052632,2635,110,3.9,32,27,27,26,28,F
2,F,271,3.144,3827,110,0,33,26,30,27,29,F
4,F,271,3.911111111,695,110,3.6,,,,,,M
4,F,271,4,1628,110,,,,,,,M
2.7,F,271,2.871428571,3391,110,3.5,,,,,,F
1.7,F,271,3.130952381,4797,110,4,,,,,,M
4,F,271,4,3717,110,3.8,33,32,34,26,32,F
2.3,F,271,3.223255814,3592,110,3.8,,,,,,M
0,T,271,2.268421053,1628,110,4,35,35,36,36,36,M
0,T,271,3.081355932,201,110,4,,,,,,F
1,T,271,3.065853659,4797,110,0,25,26,33,28,28,F
2.7,F,271,3.88,2635,110,3.9,36,35,33,35,35,M
4,F,271,4.044444444,3520,110,4,29,32,32,36,33,M
3,F,271,3.672881356,3520,110,3.9,34,34,30,29,32,F
2.3,F,271,3.544,3717,110,4,27,34,,,29,F
2,F,271,2.958974359,3827,110,,,,,,,M
4,F,271,3.909090909,3592,110,3.8,27,26,21,20,24,M
2.3,F,271,3.509302326,4802,110,4,,,,,,M
3,F,271,3.378723404,3391,110,3.7,,,,,,M
4,F,271,3.765,695,110,,,,,,,M
3.7,F,271,3.959615385,3827,110,3.7,,,,,,F
4,F,271,4.237037037,2635,110,3.8,28,32,33,32,32,M
4,F,271,4.295652174,4797,110,,,,,,,F
0,T,271,3.246,3827,110,3.93,31,36,23,27,29,F
4,F,271,4,1628,110,3.7,33,24,27,26,28,F
3.3,F,271,3.8,4802,110,3.1,,,,,,M
4,F,271,4.254545455,4797,110,0.4,,,,,,M
2.3,F,271,3.334,201,110,3.9,,,,,,M
2.7,F,271,3.766666667,201,110,4,28,29,32,28,29,M
2.3,F,271,3.334782609,2092,110,3.2,,,,,,M
2,F,271,3.469047619,2092,110,,,,,,,M
0,T,271,2.455555556,3717,110,0,,,,,,M
2,F,271,3.109259259,3717,110,0,20,25,25,29,25,M
2,F,271,2.578378378,4802,110,4,33,24,33,29,30,F
3.3,F,271,3.433333333,2635,110,3.9,28,33,30,33,31,M
3.3,F,271,3.664,2092,110,3.4,,,,,,F
0,T,271,2.428205128,2092,110,3.5,,,,,,M
2,F,271,3.451428571,1773,110,3.7,26,22,26,21,24,F
0,T,271,3.164814815,3592,110,,,,,,,M
4,F,271,3.882926829,4797,110,4,31,33,30,27,30,M
1.7,F,271,3.551162791,4802,110,3.7,25,33,27,29,28,M
4,F,271,3.536956522,3520,110,0,27,33,,,32,F
2,F,271,2.26744186,201,110,3.7,28,33,27,30,30,M
1,T,271,3.560526316,3592,110,0,,,,,,F
2.7,F,271,3.417073171,4802,110,3.9,29,34,26,30,30,M
2.3,F,271,3.528888889,3520,110,4,,,,,,M
0,T,271,3.524,3391,110,3.7,33,34,32,24,31,F
2.7,F,271,3.411864407,3592,110,3.8,27,30,28,28,29,M
0,T,271,2.924390244,1628,110,,0,,,,,?
2.3,F,271,3.635714286,2635,110,3.9,32,25,31,28,29,F
4,F,271,3.914893617,4797,110,3.9,27,28,,,27,F
0,T,271,3.077083333,4802,110,3.3,30,24,28,23,26,M
4,F,271,3.873333333,2092,110,4,31,32,29,26,30,F
4,F,271,4.4,1773,110,3.7,28,30,28,27,29,M
2.3,F,271,3.8,3827,110,1.5,,,,,,F
3,F,271,3.366666667,1628,110,4,,,,,,M
0,T,271,2.97,3827,110,0,33,34,36,35,34,M
3.4,F,271,3.785714286,2092,110,0,35,30,28,30,31,M
3.3,F,271,3.728571429,4797,110,3.8,34,35,33,31,33,M
4,F,271,3.932258065,201,110,2.8,,,,,,M
2.4,F,271,3.660869565,1773,110,3.9,30,33,22,25,28,M
0,T,271,4.4,695,110,0,,,,,,F
0,T,271,2.57804878,695,110,3.9,33,28,30,24,29,F
2,F,271,3.204761905,1773,110,3.7,29,32,28,29,29,M
2.4,F,271,3.162962963,4802,110,4,,,,,,M
2,F,271,2.713333333,3717,110,2.9,,,,,,M
0,T,271,3.672413793,4797,110,4,34,34,30,36,34,M
2.7,F,271,3.413953488,1628,110,3.9,28,29,36,31,31,M
0,T,271,3.176923077,3391,110,3.8,,,,,,M
1.7,F,271,3.420689655,695,110,3.7,26,28,,,24,F
1.7,F,271,2.728571429,201,110,3.7,,,,,,M
2,F,271,3.807692308,3391,110,3,,,,,,M
2,F,271,2.88,3717,110,,,,,,,F
4,F,271,3.647058824,3391,110,3.1,23,24,14,18,20,F
4,F,271,3.917241379,1628,110,3.9,,,,,,F
3.3,F,271,3.775,3391,110,3.7,34,26,,,29,M
1,T,271,2.7,3520,110,3.7,35,32,34,27,32,M
2.3,F,271,3.3,2635,110,2.9,,,,,,M
1,T,271,3.21,1628,110,,,,,,,F
3,F,271,3.371794872,201,110,,,,,,,M
3,F,271,3.765116279,3520,110,3.8,,,,,,M
4,F,271,3.938461538,201,110,4,30,32,27,32,30,M
0,T,271,2.782,3592,110,0,,,,,,F
4,F,271,3.973333333,3520,110,0,,,,,,F
2.7,F,271,3.828571429,3391,110,4,,,,,,F
0,T,271,2.934615385,2092,110,0,32,18,25,23,24,M
3.3,F,271,3.735714286,2635,110,3.6,,,,,,F
2.3,F,271,3.571428571,2092,110,0,21,25,21,21,22,M
2.7,F,271,3.533333333,4802,110,3.9,,,,,,F
4,F,271,3.92,3827,110,3.9,19,16,17,20,18,F
0,T,271,2.088235294,2092,110,4,31,30,29,29,30,F
4,F,271,4.127272727,3520,110,4,29,33,26,30,30,F
1,T,271,2.38,3717,110,,,,,,,M
2.7,F,271,2.976744186,3717,110,3.9,35,34,,,33,F
3.7,F,271,3.85,4797,110,3.8,33,28,31,32,31,M
2.3,F,271,2.9,3520,110,3.9,22,30,25,24,26,M
4,F,271,3.802325581,1628,110,3.9,32,27,28,23,27,F
3.4,F,271,3.344,695,110,,3.6,21,30,30,30,?
4,F,271,3.8,4802,110,3.8,21,16,17,24,19,M
3,F,271,3.91875,695,110,3.97,35,30,30,28,31,M
2.4,F,271,3.234883721,3827,110,3.7,31,31,35,32,32,F
4,F,271,3.664835165,4797,110,2.8,,,,,,M
4,F,271,3.736363636,3827,110,3.9,27,27,29,25,27,M
4,F,271,4.272,3391,110,3.4,30,33,35,33,33,M
2,F,271,3.486046512,201,110,3.9,,,,,,F
2,F,271,3.634146341,3827,110,3.4,,,,,,F
4,F,271,3.627272727,3391,110,4,32,26,32,25,29,F
1.7,F,271,2.677272727,695,110,4,36,35,31,32,34,F
4,F,271,5.36,1773,110,3.5,30,31,,,30,F
4,F,271,3.781818182,4797,110,,2.7,17,17,16,19,910.0
0,T,271,3.133333333,3391,110,3.9,,,,,,F
1.7,F,271,3.15952381,3717,110,4,30,32,,,31,M
2.3,F,271,3.260869565,3717,110,,,,,,,M
4,F,271,3.943373494,3391,110,4,29,31,24,26,28,F
4,F,271,4.145454545,2635,110,3.9,,,,,,F
0,T,271,3.216666667,695,110,4,29,29,33,29,30,F
1.7,F,271,2.914285714,3520,110,3.9,29,36,25,34,31,F
3.3,F,271,3.7875,3520,110,3.9,26,24,27,25,25,F
3,F,271,3.239175258,3827,110,3.9,28,30,26,29,28,M
3.4,F,271,3.795555556,201,110,4,22,25,27,23,25,F
0,T,271,2.8,1773,110,0,,,,,,F
4,F,271,3.814634146,2092,110,3.9,32,33,27,26,30,F
1.7,F,271,3.8,3391,110,0,,,,,,F
2,F,271,2.993023256,201,110,3.9,34,29,33,25,31,F
0,T,271,3.175,3592,110,3.8,29,34,34,28,31,F
1.7,F,271,2.8825,3827,110,3.83,34,33,31,32,32,M
3.3,F,271,3.518181818,695,110,2.8,,,,,,F
4,F,271,3.347826087,695,110,3.9,29,27,33,27,29,F
2,F,271,3.674074074,3391,110,,3.7,30,25,26,27,1140.0
2.7,F,271,3.429268293,1773,110,3.9,33,35,31,35,33,M
2,F,271,3.58,3827,110,4,30,35,30,36,33,F
4,F,271,3.5,2635,110,0,26,30,32,29,29,F
4,F,271,3.928,3520,110,4,29,34,31,29,31,F
4,F,271,4,3391,110,2.5,33,25,,,25,M
2.7,F,271,3.346938776,695,110,3.4,30,27,27,24,27,M
2,F,271,3.216666667,2092,110,0,34,29,33,32,32,F
2.3,F,271,2.976923077,4797,110,3.8,32,30,,,30,M
2,F,271,3.310344828,201,110,3.9,,,,,,F
4,F,271,3.552083333,2092,110,,,,,,,M
3.4,F,271,3.752380952,1628,110,3.9,32,34,33,29,32,F
2.3,F,271,3.4375,3827,110,,,,,,,M
2,F,271,3.179069767,201,110,3.9,29,34,33,27,31,M
2.3,F,271,3.514102564,1628,110,0,23,34,,,27,F
2,F,271,3.568,3592,110,0,14,17,21,19,18,F
3.7,F,271,3.491304348,4797,110,,3.2,27,29,36,22,1210.0
0,T,271,2.446666667,1773,110,,,,,,,F
4,F,271,3.928,3827,110,3.8,32,26,34,27,30,F
3.4,F,271,3.366666667,695,110,0,23,24,18,24,22,F
2,F,271,2.643243243,1773,110,3.6,,,,,,M
2.3,F,271,3.545945946,2635,110,3.9,28,24,25,26,26,M
4,F,271,4.128,201,110,3.2,21,22,23,22,22,M
2.3,F,271,3.625,3827,110,3.9,28,32,26,26,28,F
2.7,F,271,3.17,3391,110,3.2,32,28,,,27,M
2,F,271,2.757407407,3520,110,4,33,36,32,31,33,F
3,F,271,3.519047619,201,110,3.7,35,35,,,33,F
2.3,F,271,2.902173913,2092,110,0,,,,,,F
1.7,F,271,3.702222222,3520,110,4,30,31,26,30,29,F
3.3,F,271,3.636363636,2092,110,3.5,,,,,,M
4,F,271,4.048,2635,110,3.4,,,,,,F
2,F,271,2.781132075,3391,110,,,,,,,M
0,T,271,2.728571429,1773,110,3.9,29,33,32,28,31,M
3.4,F,271,3.333333333,3592,110,0,,,,,,F
4,F,271,4.295652174,3391,110,3.9,,,,,,F
3.3,F,271,3.633962264,2092,110,3.7,,,,,,M
4,F,271,3.828571429,201,110,3.9,28,26,23,28,27,F
4,F,271,3.828571429,4797,110,4,,,,,,M
2,F,271,3.046511628,2092,110,,,,,,,M
4,F,271,3.74,201,110,3.7,,,,,,M
2.3,F,271,3.03,3717,110,3.8,27,28,31,28,28,F
3,F,271,3.525,1773,110,3.9,31,31,35,33,32,F
2.7,F,271,3.797368421,4802,110,3.8,34,31,33,25,31,F
2.3,F,271,3.42,2635,110,3.2,,,,,,M
2.3,F,271,3.239285714,2092,110,,,,,,,M
2,F,271,3.495348837,2092,110,2.7,,,,,,F
2,F,271,3.139534884,4802,110,0,,,,,,F
4,F,271,4.109090909,3592,110,4,,,,,,M
4,F,271,3.702380952,2635,110,3.4,,,,,,F
0,T,271,3.034210526,3717,110,3.9,28,24,29,28,27,F
2,F,271,3.318181818,4802,110,3.6,,,,,,M
4,F,271,4.051851852,3520,110,3.7,33,33,,,33,M
0,T,271,3.012820513,4797,110,4,29,29,27,28,28,F
3,F,271,3.195238095,201,110,,3.87,27,27,32,26,?
4,F,271,3.870967742,2635,110,4,,,,,,F
3,F,271,3.347826087,4797,110,0,,,,,,M
2.3,F,271,2.626086957,3717,110,3.8,24,31,23,28,27,F
4,F,271,3.585714286,3592,110,0,27,27,28,30,28,M
2.3,F,271,2.845238095,3520,110,4,33,29,24,29,29,F
2.3,F,271,3.61627907,2635,110,3.5,29,22,27,28,27,M
2.3,F,271,3.336,3592,110,0,30,24,,,29,F
2,F,271,3.081395349,3520,110,0,,,,,,F
2.3,F,271,3.655555556,1628,110,4,34,29,33,27,31,F
0,T,271,3.918518519,1773,110,4,,,,,,F
0,T,271,3.227777778,2092,110,4,26,29,24,26,27,F
2.7,F,271,3.02,1773,110,0,35,32,31,31,32,F
4,F,271,4.128,201,110,4,34,34,33,33,34,M
2.3,F,271,3.173684211,201,110,3.9,30,26,25,25,27,F
2.7,F,271,3.481318681,4797,110,4,,,,,,F
4,F,271,4.144,3827,110,3.7,29,25,29,25,27,F
2.3,F,271,3.445238095,1628,110,3.8,29,28,25,26,27,F
2,F,271,3.055813953,4797,110,3.6,30,26,28,31,29,M
2.3,F,271,2.986111111,3520,110,3.9,33,34,32,27,32,F
4,F,271,3.777777778,1773,110,3.7,25,25,32,25,27,M
2.4,F,271,3.577358491,4797,110,0,,,,,,F
4,F,271,3.660638298,4802,110,3.8,,,,,,F
4,F,271,3.439285714,201,110,3.9,35,35,35,30,34,F
2.7,F,271,3.984,3592,110,3.6,,,,,,M
4,F,271,4,3520,110,3.9,,,,,,M
0,T,271,2.920183486,3592,110,3,25,23,29,22,25,M
1.7,F,271,2.582857143,3520,110,4,34,30,35,32,33,M
0,T,271,3.236363636,2635,110,,4,34,29,27,26,1390.0
3,F,271,3.274285714,4802,110,3.9,,,,,,F
0,T,271,2.649206349,1773,110,3.6,25,18,23,25,23,M
1,T,271,3.224444444,3520,110,3.93,28,33,32,26,30,M
4,F,271,4.256,1628,110,3.5,,,,,,M
3.7,F,271,3.71025641,1628,110,0,,,,,,F
1.7,F,271,3.173333333,2092,110,,,,,,,?
0,T,271,2.558333333,3520,110,,,,,,,?
2,F,271,3.127906977,4797,110,,,,,,,?
3,F,271,3.928,4802,110,,,,,,,?
4,F,271,3.87,3520,110,,,,,,,?
3.3,F,271,3.634782609,2635,110,,,,,,,?
2,F,271,3.190909091,4802,110,,,,,,,?
4,F,271,3.57027027,3827,110,,,,,,,?
3.3,F,271,3.727272727,2635,110,,,,,,,?
4,F,271,3.775,1628,110,,,,,,,?
2.3,F,271,3.685,1628,110,,,,,,,?
2.7,F,271,3.619047619,3520,110,,,,,,,?
3,F,271,3.373913043,3592,110,,,,,,,?
4,F,271,4.028571429,3391,110,,,,,,,?
4,F,271,3.924137931,1773,110,,,,,,,?
2,F,271,2.676785714,3717,110,,,,,,,?
4,F,271,3.609259259,3520,110,,,,,,,?
2.3,F,271,3.562222222,1628,110,,,,,,,?
3.3,F,271,3.216071429,3592,110,,,,,,,?
2.7,F,271,3.564285714,1628,110,,,,,,,?
0,T,271,2.223809524,4802,110,,,,,,,?
4,F,271,4,201,110,,,,,,,?
0,T,271,3.130952381,3391,110,,,,,,,?
4,F,271,3.664,3391,110,,,,,,,?
3,F,271,3.481818182,3592,110,,,,,,,?
2.3,F,271,3.523809524,4797,110,,,,,,,?
3.7,F,271,3.847222222,1628,110,,,,,,,?
3,F,271,3.493023256,4802,110,,,,,,,?
3.7,F,271,3.451162791,201,110,,,,,,,?
2.7,F,271,2.638461538,3827,110,,,,,,,?
2.7,F,271,3.631034483,4802,110,,,,,,,?
4,F,271,3.672727273,3182,111,,,,,,,M
1.7,F,271,3.642857143,2806,111,4,31,28,32,26,29,M
3.3,F,271,3.915384615,3182,111,3.4,32,29,,,32,M
4,F,271,3.707017544,3182,111,3.9,27,35,24,27,28,F
1.7,F,271,2.685,3182,111,4,,,,,,F
2.4,F,271,2.734285714,1546,111,3.9,29,27,34,29,30,F
2,F,271,3.234883721,3182,111,3.9,27,30,30,29,29,F
3,F,271,3.592682927,4247,111,3.8,,,,,,F
3.3,F,271,3.33125,3182,111,,,,,,,M
2,F,271,2.865217391,3003,111,4,25,27,17,22,23,M
0,T,271,2.9,3003,111,3.9,36,35,,,34,F
1.7,F,271,2.438461538,3182,111,,,,,,,M
3.3,F,271,3.477272727,2806,111,,,,,,,M
3,F,271,3.210526316,2806,111,3.1,,,,,,F
4,F,271,3.661111111,2806,111,3.8,29,27,23,21,25,M
2.7,F,271,3.146808511,4247,111,2.2,,,,,,F
3,F,271,3.416216216,4247,111,3.5,,,,,,F
0,T,271,3.88,3003,111,,,,,,,M
3,F,271,3.188,2806,111,3.7,,,,,,F
3,F,271,3.211904762,1546,111,2.9,17,15,13,15,15,M
1.7,F,271,2.36875,3182,111,3,,,,,,M
4,F,271,4.048,2806,111,4,,,,,,M
3.3,F,271,3,3003,111,,,,,,,F
3.3,F,271,3.911111111,3472,111,,,,,,,F
2,F,271,3.131111111,3472,111,3.6,,,,,,F
2.3,F,271,3.156521739,3182,111,3.9,,,,,,F
4,F,271,3.892857143,4247,111,,,,,,,M
2,F,271,3.12,2806,111,,26,31,,,30,M
4,F,271,3.764705882,3472,111,,,,,,,F
3,F,271,3.33,4247,111,,3.5,27,24,29,23,?
3,F,271,3.690909091,1546,111,3.6,,,,,,M
0,T,271,3.542857143,3182,111,3.9,,,,,,F
2,F,271,3.088095238,3472,111,0,,,,,,F
4,F,271,3.8025,2806,111,3.6,33,33,32,28,32,M
2.7,F,271,3.84,3003,111,3.9,31,27,33,26,30,M
2,F,271,3.120512821,4247,111,3.8,,,,,,F
3.3,F,271,3.7,3472,111,4,28,34,25,30,29,M
2,F,271,2.943589744,4247,111,3.7,34,31,36,33,34,F
2,F,271,3.142307692,3182,111,2.9,25,25,18,21,23,F
1.7,F,271,1.765853659,2806,111,3.9,32,26,35,31,31,F
2.3,F,271,3.384615385,2806,111,0,,,,,,M
4,F,271,3.841860465,3003,111,,0,26,23,23,22,?
4,F,271,3.748837209,4247,111,3.8,22,29,22,19,23,M
2.7,F,271,3.722222222,1546,111,0,,,,,,M
2,F,271,2.977777778,1546,111,3.9,33,34,31,26,31,M
0,T,271,3.031428571,3003,111,3.8,,,,,,F
2.7,F,271,3.545,3003,111,3.8,31,27,27,30,29,M
1,T,271,2.187179487,3472,111,3.8,26,27,29,29,28,F
3.3,F,271,3.664,4247,111,3.8,24,26,,,24,M
1.7,F,271,2.522222222,3472,111,2.9,,,,,,M
1.7,F,271,4.12,3003,111,3.8,,,,,,M
3.3,F,271,3.353030303,3472,111,3.7,24,30,25,26,27,M
4,F,271,3.481818182,2806,111,3.4,,,,,,M
2.7,F,271,2.926190476,1546,111,3.7,,,,,,F
4,F,271,3.95862069,2806,111,3.7,27,30,34,28,30,M
3.7,F,271,3.4,2806,111,3.8,34,31,30,25,30,F
3.3,F,271,3.720930233,2806,111,,,,,,,F
2,F,271,2.909090909,1546,111,3.6,,,,,,M
3.3,F,271,3.585714286,2806,111,3.77,26,29,24,26,27,M
0,T,271,3.442424242,4247,111,3.9,26,26,20,25,24,F
2.3,F,271,3.4375,2806,111,3.6,,,,,,F
0,T,271,2.922727273,3472,111,3.7,,,,,,F
4,F,271,3.808888889,1546,111,,0,26,22,27,22,?
2.7,F,271,3.464516129,1546,111,3.9,34,35,,,33,F
3.3,F,271,3.711111111,1546,111,4,35,30,31,31,32,M
2.7,F,271,3.55,4247,111,3.6,31,32,,,30,M
0,T,271,2.344444444,2806,111,3.7,,,,,,F
1.7,F,271,2.782300885,1546,111,4,32,36,27,31,32,M
4,F,271,3.912,4247,111,,,,,,,F
3.7,F,271,3.804651163,3182,111,3.8,,,,,,F
4,F,271,3.695238095,2806,111,3.5,26,26,27,25,26,F
4,F,271,3.985714286,1546,111,3.1,,,,,,F
1.7,F,271,2.65,3472,111,3.9,30,33,28,26,30,M
2.3,F,271,3.4,3182,111,0,26,23,31,,27,M
3.3,F,271,3.925925926,3003,111,3.7,30,21,33,28,28,F
2.7,F,271,3.51627907,1546,111,3.8,,,,,,F
4,F,271,3.783333333,1546,111,3.8,,,,,,M
3.7,F,271,3.509090909,2806,111,4,33,34,28,29,31,F
4,F,271,3.890909091,3182,111,,3,28,26,27,25,1230.0
1.7,F,271,2.970967742,4247,111,3.9,33,35,30,35,34,F
3,F,271,3.784,3182,111,3.2,30,24,31,27,28,F
3,F,271,3.077777778,4247,111,3.4,,,,,,F
2.3,F,271,3.308108108,2806,111,,,,,,,F
3.3,F,271,3.497674419,3182,111,3.6,33,30,,,32,F
1.7,F,271,2.65,1546,111,3.8,,,,,,F
3,F,271,3.504761905,2806,111,3.82,30,30,30,28,30,M
3.7,F,271,3.517073171,3182,111,3.9,,,,,,M
3.3,F,271,3.464,4247,111,3.6,,,,,,F
4,F,271,3.470731707,1546,111,3.8,30,28,27,25,27,F
3,F,271,3.271428571,3003,111,,,,,,,M
0,T,271,2.355813953,3472,111,3.8,32,21,,,25,F
1,T,271,2.03559322,3003,111,3.5,26,22,29,23,25,F
0,T,271,3.5,3182,111,4,25,32,34,29,30,M
4,F,271,3.275471698,3003,111,3.4,,,,,,F
0,T,271,2.98,2806,111,3.5,29,28,,,29,M
0,T,271,2.863157895,1546,111,3.9,32,27,28,28,29,F
0,T,271,3.45,2806,111,3.9,26,29,32,27,28,F
1.7,F,271,2.747222222,4247,111,3.8,,,,,,M
2.3,F,271,3.391304348,4247,111,3.9,26,27,24,24,25,F
2,F,271,3.167567568,1546,111,,,,,,,M
2.3,F,271,2.91025641,1546,111,3.7,28,24,33,23,27,F
2.7,F,271,3.321428571,3472,111,2.9,,,,,,F
0,T,271,2.88,3472,111,3.6,31,30,31,34,31,M
2.7,F,271,3.712195122,3003,111,,,,,,,M
4,F,271,3.695555556,2806,111,3.6,25,22,26,28,25,M
2,F,271,3.011666667,1546,111,3.9,,,,,,M
0,T,271,2.477380952,2806,111,3.8,24,23,27,23,25,M
1.7,F,271,2.542857143,3472,111,3.9,,,,,,M
2.3,F,271,2.817647059,1546,111,2.9,,,,,,M
4,F,271,3.784,3003,111,0,,,,,,M
0,T,271,2.931578947,4247,111,0,32,30,29,28,30,M
4,F,271,4,3003,111,,,,,,,M
3,F,271,3.453191489,3472,111,,,,,,,F
2.7,F,271,3.466197183,3003,111,3,22,16,26,19,21,M
4,F,271,3.742857143,2806,111,,,,,,,?
2.7,F,271,3.284,4247,111,,,,,,,?
1.7,F,271,2.231428571,3182,111,,,,,,,?
3,F,271,3.75952381,4247,111,,,,,,,?
0,T,271,2.737837838,3182,111,,,,,,,?
1.7,F,271,2.625555556,2806,111,,,,,,,?
0,T,271,2.766666667,4247,111,,,,,,,?
4,F,271,3.984,3182,111,,,,,,,?
2,F,271,2.661818182,1546,111,,,,,,,?
3,F,271,3.5,3003,111,,,,,,,?
0,T,271,3.394202899,1546,111,,,,,,,?
2,F,271,3.115789474,3472,111,,,,,,,?
0,T,271,3.154545455,3182,111,,,,,,,?
2.3,F,271,3.466666667,4247,111,,,,,,,?
3.3,F,271,3.758333333,1546,111,,,,,,,?
3.7,F,271,3.737142857,3182,111,,,,,,,?
1,T,271,2.625454545,2806,111,,,,,,,?
3,F,271,2.977777778,1546,111,,,,,,,?
0,T,271,2.8875,4247,111,,,,,,,?
4,F,271,3.075757576,4247,111,,,,,,,?
2.7,F,271,3.180952381,2806,111,,,,,,,?
3.4,F,271,3.4,2806,111,,,,,,,?
2,F,271,2.9,4247,111,,,,,,,?
3.3,F,271,3.189473684,3003,111,,,,,,,?
3.3,F,271,3.454347826,1546,111,,,,,,,?
4,F,271,3.658536585,1546,111,,,,,,,?
3,F,271,3.593181818,3003,111,,,,,,,?
4,F,271,3.675,3182,111,,,,,,,?
0,T,271,2.288888889,2806,111,,,,,,,?
4,F,271,3.883333333,3182,111,,,,,,,?
2,F,271,3,3003,111,,,,,,,?
2.3,F,271,3.733333333,1546,111,,,,,,,?
0,T,271,3.322222222,3003,111,,,,,,,?
2.3,F,271,3.03902439,4247,111,,,,,,,?
1.7,F,271,3.120512821,3472,111,,,,,,,?
3,F,271,3.292307692,2806,111,,,,,,,?
3,F,271,3.239534884,3472,111,,,,,,,?
3.4,F,271,3.60625,4247,111,,,,,,,?
1.7,F,271,3,3182,111,,,,,,,?
2.3,F,271,3.09,3003,111,,,,,,,?
2,F,271,2.741666667,3003,111,,,,,,,?
0,T,271,4.4,3182,111,,,,,,,?
1.7,F,271,2.28245614,1546,111,,,,,,,?
2.3,F,271,2.597368421,3003,111,,,,,,,?
1.7,F,271,3.7,2806,111,,,,,,,?
3.3,F,271,3.933333333,4247,111,,,,,,,?
0,T,271,1.936363636,3003,111,,,,,,,?
3.3,F,271,3.80952381,3003,111,,,,,,,?
3,F,271,3.653333333,4247,111,,,,,,,?
3.3,F,271,3.76,1546,111,,,,,,,?
2,F,271,3.694827586,1546,111,,,,,,,?
3.7,F,271,3.125,3472,111,,,,,,,?
4,F,271,3.911764706,4247,111,,,,,,,?
2.7,F,271,3.426315789,3182,111,,,,,,,?
4,F,271,3.921428571,4247,111,,,,,,,?
3,F,271,3.427272727,2806,111,,,,,,,?
2.3,F,271,3.166666667,1546,111,,,,,,,?
2,F,271,3.071794872,3472,111,,,,,,,?
4,F,271,3.575,2140,114,3.4,23,21,18,22,21,F
2.7,F,271,3.481818182,664,114,0,,,,,,F
1,T,271,3.127272727,2140,114,3.6,28,25,31,26,27,F
4,F,271,3.724137931,3766,114,,,,,,,M
1,T,271,2.0825,629,114,0,16,17,20,21,19,F
1.7,F,271,3.496,1209,114,4,29,32,30,26,30,M
3.7,F,271,3.84,761,114,,,,0,,,?
2.7,F,271,3.64,761,114,3.7,24,23,31,28,27,F
4,F,271,3.739130435,2837,114,3.3,35,29,,,32,F
2.4,F,271,2.766666667,3766,114,3.9,30,27,25,24,27,F
2.3,F,271,3.9,3821,114,4,31,26,30,27,29,F
1,T,271,3.190909091,1250,114,3.7,,,,,,M
3,F,271,3.424137931,761,114,3.6,26,35,26,26,29,F
2.3,F,271,3.660869565,664,114,0,29,31,32,25,29,F
4,F,271,4,1250,114,3.9,,,,,,F
3,F,271,4,629,114,3.5,26,35,33,35,32,M
1.7,F,271,3.32,629,114,4,33,31,36,30,33,M
3.3,F,271,2.88,1209,114,3.9,,,,,,M
1.7,F,271,2.76,629,114,4,28,30,30,29,30,F
4,F,271,3.941573034,3766,114,3.7,,,,,,F
0,T,271,2.782926829,664,114,3.6,,,,,,M
2.3,F,271,3.604545455,629,114,3.3,,,,,,M
0,T,271,3.238596491,761,114,,0,25,31,28,27,?
2.3,F,271,2.888,1250,114,3.9,,,,,,F
3.4,F,271,3.888888889,2140,114,,3.7,32,34,34,29,?
4,F,271,3.477777778,1250,114,3.7,28,31,32,28,30,M
1,T,271,4.41,3766,114,3.8,,,,,,M
4,F,271,3.6,761,114,3.9,27,26,23,24,25,F
0,T,271,2.696875,3766,114,0,,,,,,F
4,F,271,3.9,2140,114,0,,,,,,F
4,F,271,3.727027027,2837,114,4,23,29,21,23,24,F
4,F,271,3.9,2837,114,3.6,,,,,,M
3,F,271,3.647058824,1250,114,4,32,24,34,21,28,F
2.3,F,271,2.910869565,2140,114,3.9,31,33,33,29,32,M
4,F,271,4,629,114,0,22,32,13,23,23,F
2,F,271,3.408510638,3766,114,0,,,,,,M
2.7,F,271,3.106382979,2837,114,4,,,,,,F
3.3,F,271,3.588571429,2837,114,0,28,23,27,26,26,M
1.7,F,271,3.509090909,2837,114,,,,,,,M
1.3,F,271,2.885714286,3262,114,3.93,24,27,27,22,25,F
1.7,F,271,3.169767442,2112,114,4,35,35,34,34,34,M
2.4,F,271,3.255813953,664,114,0,25,25,29,27,27,M
2.3,F,271,2.562886598,2054,114,4,,,,,,F
4,F,271,3.94375,1250,114,3.8,27,31,31,24,28,F
4,F,271,2.92173913,3821,114,3.5,,,,,,M
4,F,271,3.720408163,2140,114,3.9,31,34,28,26,30,F
0,T,271,3.592307692,761,114,3.2,,,,,,M
1.7,F,271,3.3,629,114,3.9,25,24,25,24,24,F
1,T,271,3.351282051,1209,114,3.6,,,,,,F
2,F,271,3.247368421,761,114,3.8,27,22,24,21,24,F
4,F,271,4,3821,114,3.9,,,,,,F
3,F,271,3.145454545,1209,114,4,23,26,32,27,27,M
3,F,271,3.186666667,629,114,3.7,,,,,,F
0,T,271,2.66,2099,114,3.1,29,24,31,26,27,F
2.7,F,271,3.338461538,2837,114,3.9,25,19,26,21,23,F
0,T,271,3.110416667,664,114,3.9,29,30,,,31,F
3,F,271,2.775,2054,114,,,,,,,M
2,F,271,3.054901961,664,114,,,,,,,M
3.3,F,271,3.375,2140,114,4,33,33,32,36,34,F
4,F,271,3.771428571,3821,114,3.78,30,27,26,28,28,F
3,F,271,3.554285714,761,114,,,,,,,F
0,T,271,3.027906977,2099,114,2.9,,,,,,M
2.3,F,271,3.011363636,2837,114,,,,,,,F
0,T,271,1.930434783,3766,114,3.8,26,27,29,29,28,F
2,F,271,2.204761905,1250,114,3.7,,,,,,M
2,F,271,2.740540541,2112,114,4,23,27,19,22,23,F
2.7,F,271,3.035714286,3262,114,0,30,30,31,32,31,M
2,F,271,2.966037736,761,114,4,,,,,,F
4,F,271,3.968421053,2140,114,3.8,,,,,,M
2.3,F,271,2.75,3766,114,3.5,,,,,,F
4,F,271,4.026086957,2112,114,3.4,,,,,,M
4,F,271,4.056,3821,114,,,,,,,F
2.3,F,271,3.210714286,3821,114,3.7,27,35,28,33,31,F
3,F,271,3.742857143,629,114,,,,,,,M
3.3,F,271,3.805555556,629,114,3.7,,,,,,M
4,F,271,4,629,114,4,,,,,,F
2.7,F,271,3.383636364,761,114,4,,,,,,F
2,F,271,2.935135135,3821,114,3.7,25,28,33,29,29,F
2.7,F,271,3.657142857,2140,114,4,35,35,36,33,35,F
0,T,271,3.06969697,664,114,4,33,31,36,31,33,M
2.3,F,271,2.858974359,2054,114,4,19,22,29,26,24,M
1.7,F,271,3.102439024,3821,114,3.8,31,30,,,31,M
4,F,271,3.747826087,2112,114,3.8,30,30,31,30,31,F
2.7,F,271,2.831034483,664,114,0,15,15,15,15,15,M
3.4,F,271,3.864,1250,114,3.8,,,,,,M
0,T,271,3.205714286,3262,114,3.9,29,35,32,27,31,M
3,F,271,3.607142857,3262,114,,,,,,,F
2.7,F,271,3.371428571,3821,114,4,,,,,,F
2.7,F,271,3.53015873,2099,114,3.9,24,29,25,27,27,F
3.3,F,271,3.27,3821,114,0,,,,,,M
2.3,F,271,3.517021277,1209,114,4,26,27,,,30,F
4,F,271,3.895652174,2140,114,3.7,29,25,32,24,27,F
3.3,F,271,3.634146341,2112,114,3.4,,,,,,M
2.3,F,271,3.763043478,2140,114,0,,,,,,F
4,F,271,3.736363636,1209,114,3.6,,,,,,F
3.3,F,271,3.59,1250,114,4,36,28,33,28,31,F
2,F,271,3.8,2099,114,0,25,22,32,29,27,F
3.3,F,271,3.630555556,629,114,3.7,24,24,26,24,25,M
1,T,271,2.711111111,3262,114,2.5,,,,,,M
2.7,F,271,2.978947368,2099,114,4,30,32,33,28,31,F
3,F,271,3.243859649,2837,114,3.9,,,,,,F
2.7,F,271,3.632,2099,114,3.9,,,,,,M
3,F,271,3.428571429,3262,114,3.9,36,36,35,36,36,M
1.7,F,271,3.227906977,761,114,,,,,,,M
4,F,271,3.964705882,664,114,2.9,,,,,,F
3,F,271,3.685365854,1250,114,3.8,33,29,28,33,31,M
3.7,F,271,3.302272727,1250,114,3.5,18,26,14,23,21,M
4,F,271,3.942857143,1250,114,0,,,,,,F
3.7,F,271,3.765116279,1209,114,3.8,,,,,,M
2.7,F,271,3.809090909,1250,114,0,24,29,30,25,27,F
3.4,F,271,3.18974359,2099,114,3.9,,,,,,F
1.7,F,271,3.088372093,3262,114,3.9,34,32,35,26,32,F
4,F,271,4,664,114,3,,,,,,F
3,F,271,3.566666667,3821,114,3.6,,,,,,F
4,F,271,3.17,3766,114,3.8,,,,,,M
2,F,271,2.7,3262,114,3.9,29,24,29,28,27,F
3,F,271,3.284090909,2099,114,0,,,,,,M
3,F,271,2.951219512,629,114,3.3,,,,,,F
0,T,271,2.465217391,3821,114,,,,,,,F
4,F,271,3.800952381,2112,114,3.9,32,34,,,30,M
4,F,271,3.786486486,2054,114,3.1,,,,,,M
3.7,F,271,3.871428571,761,114,4,33,29,34,28,31,M
4,F,271,3.936842105,1209,114,0,,,,,,F
2.3,F,271,3.702222222,3262,114,3.1,,,,,,F
2.7,F,271,3.7,2140,114,3.9,30,25,27,29,28,M
4,F,271,4,3262,114,3.9,,,,,,M
3,F,271,3.678947368,2099,114,3.2,,,,,,F
2,F,271,2.469047619,2054,114,4,,,,,,F
4,F,271,4.026829268,2837,114,3.7,,,,,,M
2,F,271,3.451851852,3262,114,3.7,25,33,,,30,M
2.7,F,271,3.673170732,2054,114,3.9,34,26,32,33,32,F
2,F,271,3.25,761,114,0,15,23,19,23,20,M
4,F,271,3.931707317,2112,114,,,,,,,M
4,F,271,3.791304348,2099,114,,,,,,,M
1.7,F,271,2.8,2837,114,4,32,25,28,26,28,F
3.3,F,271,3.12,2099,114,3.8,,,,,,M
3.3,F,271,3.465116279,1250,114,3.9,,,,,,M
1.7,F,271,3.303703704,3821,114,3.8,31,29,32,30,30,M
0,T,271,1.930434783,3766,114,3.6,,,,,,F
2.7,F,271,3.744827586,664,114,3.9,35,36,36,35,35,F
2,F,271,3.28372093,2099,114,4,32,36,34,36,34,M
0,T,271,2.706976744,1209,114,3.8,30,36,31,32,32,F
3.3,F,271,3.60625,3821,114,3.6,25,27,23,20,24,F
3.3,F,271,4.056,2837,114,0,,,,,,F
2,F,271,2.794871795,3821,114,4,31,30,32,30,31,F
2.4,F,271,3.175,3262,114,3.8,34,27,30,28,30,F
0,T,271,3.213207547,2112,114,3.8,,,,,,M
2.7,F,271,3.470731707,2140,114,3.6,27,26,27,28,27,F
3.3,F,271,3.853333333,2837,114,3,,,,,,M
2.3,F,271,3.851851852,629,114,3.3,34,30,,,28,M
0,T,271,2.638333333,2112,114,2.8,,,,,,M
2,F,271,3.328571429,664,114,3.8,21,21,24,21,22,M
2.4,F,271,3.37,1250,114,,,,,,,M
3,F,271,3.719047619,3821,114,3.6,29,30,35,35,33,M
4,F,271,4.156521739,1250,114,,,,,,,F
4,F,271,3.847727273,2054,114,0,25,26,29,25,26,M
1.7,F,271,2.94625,2054,114,3.7,26,28,32,35,30,M
2,F,271,3.510526316,629,114,3.9,21,24,23,22,22,F
3,F,271,3.4375,3821,114,3.7,28,34,,,30,M
4,F,271,3.927272727,2140,114,0,33,34,,,32,M
4,F,271,3.94375,1209,114,3.6,22,35,31,29,30,M
4,F,271,3.585714286,2140,114,3.58,35,26,33,25,30,F
2,F,271,3.420454545,664,114,0,33,26,,,27,F
4,F,271,3.808333333,761,114,4,,,,,,M
3.4,F,271,4,1250,114,3.3,,,,,,F
4,F,271,3.982608696,2140,114,0,,,,,,F
2.3,F,271,3.208510638,664,114,2.8,,,,,,M
1,T,271,2.195238095,1209,114,4,35,33,31,36,34,M
2,F,271,3.37804878,2112,114,3.96,34,27,28,27,29,F
2.3,F,271,2.664516129,1209,114,4,29,24,30,28,28,F
3,F,271,3.092307692,2054,114,,,,,,,M
4,F,271,4.165217391,2837,114,0,,,,,,F
2,F,271,3.445454545,1209,114,3.9,28,29,31,26,28,F
3,F,271,3.388095238,2837,114,3.7,28,28,28,22,27,F
4,F,271,3.827027027,1209,114,3.4,,,,,,M
2,F,271,3.113513514,664,114,4,34,30,33,34,33,F
4,F,271,4,1209,114,4,,,,,,F
4,F,271,4.224,2099,114,3.9,35,33,35,33,34,M
3,F,271,3.843478261,3821,114,3.8,32,28,,,32,F
3.7,F,271,3.556521739,2112,114,3.8,29,27,30,23,27,F
2.7,F,271,3.619512195,2837,114,3.7,29,30,26,28,29,M
2,F,271,3.24047619,3262,114,0,,,,,,F
1.7,F,271,2.86,664,114,0,,,,,,M
0,T,271,2.959090909,1209,114,3.8,,,,,,F
3.4,F,271,3.451219512,3766,114,3.8,24,29,,,31,M
1.7,F,271,2.93,3766,114,,,,,,,F
4,F,271,4.174358974,761,114,,,,,,,F
2,F,271,3.657142857,3766,114,3.4,26,29,26,25,27,F
1.7,F,271,3.255813953,1209,114,3.8,26,30,28,25,27,F
2.7,F,271,2.997402597,2099,114,0,32,27,34,28,30,M
0,T,271,1.716666667,2054,114,3.7,,,,,,F
4,F,271,3.858139535,664,114,,,,,,,M
4,F,271,3.808,629,114,3.8,,,,,,F
3.4,F,271,3.777777778,1250,114,,3.4,,,,,?
2.3,F,271,3.604,1209,114,3.9,,,,,,F
3,F,271,3.454347826,3821,114,4,34,31,35,30,33,M
1,T,271,2.948837209,2837,114,3.9,,,,,,F
2,F,271,3.456,2099,114,4,,,,,,M
4,F,271,3.94375,2099,114,4,35,35,36,36,36,M
3.3,F,271,3.727659574,3262,114,,,,,,,M
1.7,F,271,3.32,664,114,4,26,29,31,26,28,F
0,T,271,3.007407407,761,114,3.9,29,35,23,29,29,M
2.7,F,271,3.34,664,114,3.6,28,34,31,30,31,M
2,F,271,3.310204082,1250,114,3.7,,,,,,F
1.7,F,271,3.410810811,3262,114,3.6,,,,,,F
3.7,F,271,4.059259259,761,114,3.2,25,26,34,30,29,M
4,F,271,4.295652174,2140,114,3.9,,,,,,F
4,F,271,3.772727273,3821,114,,,,,,,F
2.7,F,271,3.508,761,114,4,,,,,,M
4,F,271,4,1250,114,1.3,,,,,,F
1.7,F,271,3.270588235,2054,114,3.9,32,34,34,30,33,M
3.3,F,271,4.112,664,114,4,28,27,29,27,28,M
0,T,271,3.509090909,2099,114,3.8,25,27,23,28,26,F
4,F,271,3.672340426,2837,114,3.6,36,34,25,29,31,M
2.7,F,271,3.330555556,629,114,3.9,31,27,25,26,28,M
3.7,F,271,3.876190476,2099,114,4,,,,,,M
4,F,271,3.746511628,2140,114,3.3,,,,,,M
1,T,271,2.620930233,664,114,3.9,,,,,,F
3.7,F,271,4.139130435,3821,114,3.8,30,26,34,26,29,M
4,F,271,3.52,2112,114,3.9,,,,,,F
2.3,F,271,3.57037037,3262,114,3.3,,,,,,M
2.7,F,271,3.34,629,114,3.8,,,,,,F
3.3,F,271,3.563157895,3766,114,,,,,,,?
3,F,271,3.28125,629,114,,,,,,,?
0,T,271,3.586956522,3821,114,,,,,,,?
4,F,271,3.817857143,3821,114,,,,,,,?
2.3,F,271,3.154545455,629,114,,,,,,,?
4,F,271,3.792307692,2140,114,,,,,,,?
4,F,271,4,3410,115,3.5,35,26,30,29,30,M
2.3,F,271,3.363636364,4471,115,3.9,33,33,34,36,34,M
2,F,271,3.309090909,2358,115,,,,,,,M
2.7,F,271,3.55625,4471,115,0,29,26,27,23,26,F
3.7,F,271,3.502777778,500,115,,,,,,,F
3.3,F,271,3.547826087,3410,115,4,33,33,,,28,M
4,F,271,3.877192982,3410,115,3.8,30,33,29,23,29,M
3.3,F,271,3.94893617,3410,115,3.7,31,33,,,28,M
2.3,F,271,3.176136364,3410,115,3.7,,,,,,M
2.3,F,271,3.496,4471,115,3.3,26,29,26,25,27,F
3,F,271,3.444736842,2485,115,,,,,,,F
2.3,F,271,3.137037037,3898,115,4,30,33,28,34,32,M
2.4,F,271,2.8,4471,115,4,25,29,26,33,29,F
3.3,F,271,3.354166667,2358,115,3.7,35,27,,,29,F
2.7,F,271,3.154545455,4471,115,,,,,,,F
3.3,F,271,3.714285714,3410,115,3.6,26,32,32,25,29,M
2.7,F,271,3.509090909,2485,115,,,,,,,M
2.7,F,271,3.272,500,115,,,,,,,F
2,F,271,3.491666667,4471,115,,3.5,31,28,25,25,?
1.7,F,271,2.282692308,500,115,4,34,31,33,26,31,F
1.7,F,271,3.2,2358,115,3.1,,,,,,F
2.7,F,271,3.024,2358,115,3.7,35,34,33,36,35,M
4,F,271,3.535,2358,115,0,15,30,,,27,M
4,F,271,3.623913043,3410,115,3.9,29,31,27,25,28,F
2.7,F,271,3.023076923,3410,115,3.8,,,,,,F
4,F,271,3.982608696,3410,115,,,,,,,M
2,F,271,3.428358209,3898,115,3.5,,,,,,M
3,F,271,2.875438596,500,115,,,,,,,F
1.7,F,271,2.576190476,3898,115,3.2,,,,,,M
2.7,F,271,3.459259259,4471,115,3.9,29,31,36,32,32,M
3,F,271,2.721428571,2485,115,3.6,,,,,,F
2.7,F,271,2.946341463,2358,115,0,20,27,28,23,24,M
3,F,271,3.292307692,500,115,3.4,,,,,,M
2.7,F,271,3.145454545,2358,115,3.4,,,,,,F
3.7,F,271,3.634090909,2485,115,3.5,27,28,28,27,28,M
0,T,271,2.5,2485,115,,,,,,,F
1.7,F,271,3.164285714,500,115,3.8,21,28,25,23,25,M
3,F,271,3.261904762,3410,115,3.3,21,32,,,28,M
2.7,F,271,2.980821918,500,115,3.9,,,,,,M
3.4,F,271,3.389795918,2358,115,3.4,,,,,,M
4,F,271,3.88,3410,115,4,,,,,,F
2.4,F,271,2.9,2485,115,3.9,34,30,36,28,32,F
1.7,F,271,3.235714286,4471,115,0,26,24,24,29,26,F
2.7,F,271,3.502380952,3410,115,0,29,33,,,28,M
2,F,271,2.525,2485,115,,,,,,,M
2.4,F,271,3.402380952,500,115,3.9,,,,,,F
1.7,F,271,2.631707317,3898,115,3.8,35,26,35,35,33,F
3.7,F,271,3.808,4471,115,0,,,,,,M
1.7,F,271,3.305405405,3410,115,3.9,31,32,33,29,31,F
4,F,271,3.437037037,3410,115,3.6,,,,,,M
0,T,271,2.705882353,4471,115,3.5,30,26,25,27,27,M
2.7,F,271,3.632,2485,115,3.7,30,26,26,26,27,M
3,F,271,3.472,3898,115,,,,3.1,20,17,460.0
4,F,271,3.921428571,3410,115,3.4,,,,,,M
2.7,F,271,3.266666667,2358,115,3.4,,,,,,M
1.7,F,271,3.462857143,4471,115,3.7,,,,,,F
4,F,271,2.96,4471,115,3.9,36,34,32,29,33,M
3,F,271,3.322222222,4471,115,4,29,30,26,28,29,F
2.3,F,271,3.328571429,2485,115,0,,,,,,M
4,F,271,3.631034483,4471,115,3.7,33,33,,,32,M
2,F,271,2.263043478,3410,115,3.6,23,23,24,24,23,F
2.7,F,271,3.324528302,4471,115,3.8,,,,,,M
2.7,F,271,3.131428571,2358,115,3.3,,,,,,F
3.4,F,271,3.617948718,2358,115,3.3,26,25,31,24,27,M
1.3,F,271,2.93,2358,115,3.1,21,25,31,25,26,M
1.7,F,271,2.055932203,3410,115,,,,,,,M
2.7,F,271,2.645454545,3410,115,3.3,,,,,,M
4,F,271,3.60952381,2485,115,3.9,29,34,33,29,32,M
3,F,271,3.795348837,3410,115,3.7,,,,,,F
2.7,F,271,3.328,500,115,3.5,33,25,34,31,31,F
3,F,271,3.061363636,3410,115,3.9,28,32,25,26,28,M
2.7,F,271,3.4,3898,115,,,,,,,M
3.7,F,271,3.52,2358,115,3.9,27,26,29,29,28,F
2,F,271,2.827027027,2358,115,3.5,24,25,27,19,24,F
3,F,271,3.65,4471,115,3.9,,,,,,F
2.7,F,271,2.961538462,3898,115,3.9,31,31,32,28,31,F
0,T,271,1.990909091,500,115,4,31,34,35,29,32,F
2.3,F,271,3.207407407,3898,115,0,,,,,,M
4,F,271,3.71641791,500,115,3.8,32,24,31,28,29,F
2.3,F,271,3.157142857,500,115,4,21,18,23,21,21,F
4,F,271,3.68,4471,115,3.5,,,,,,F
4,F,271,3.558974359,2358,115,4,36,34,35,32,35,M
1.7,F,271,2.597222222,3410,115,4,34,31,31,26,31,F
2.3,F,271,3.732758621,4471,115,3.7,33,32,30,29,31,F
2.4,F,271,3.284,2358,115,4,,,,,,M
4,F,271,3.851162791,3410,115,0,35,32,,,30,F
4,F,271,3.77804878,3898,115,3.3,,,,,,F
2,F,271,3.043589744,2358,115,3.8,30,31,32,32,32,M
3.3,F,271,3.583333333,4471,115,4,,,,,,F
2.7,F,271,3.616,3410,115,3.7,28,27,31,30,29,F
2.7,F,271,2.877142857,500,115,,,,4,,,?
2,F,271,3.130882353,2358,115,3.1,24,18,28,23,23,F
4,F,271,3.904,2485,115,,3.8,,,,,?
4,F,271,3.703448276,2358,115,2,,,,,,M
0,T,271,1.94,3410,115,3.1,31,25,36,31,31,M
4,F,271,3.961818182,4471,115,3.9,36,34,35,36,36,M
2,F,271,2.447058824,2358,115,4,35,33,32,33,33,M
2.3,F,271,3.213953488,2485,115,3.9,31,31,31,31,31,F
1.7,F,271,2.736363636,2485,115,3.9,35,35,27,35,33,F
2.3,F,271,3.047058824,2358,115,,,,,,,M
1.7,F,271,3.233928571,3898,115,3.9,26,26,21,22,24,M
2.7,F,271,3.645454545,3898,115,4,32,33,27,33,32,M
0,T,271,2.24893617,3898,115,0,,,,,,M
3.3,F,271,2.965853659,2358,115,3.6,,,,,,F
1.7,F,271,3.36,2358,115,,,,,,,?
2,F,271,2.909090909,3898,115,,,,,,,?
2.7,F,271,3.246153846,3410,115,,,,,,,?
3,F,271,3.505714286,3898,115,,,,,,,?
2.4,F,271,3.180487805,3909,118,3.7,31,23,,,23,F
4,F,271,3.781818182,3660,118,3.9,34,28,35,29,31,F
2.7,F,271,3.957142857,2204,118,3.6,,,,,,F
3,F,271,4.056,2120,118,4,30,34,26,29,30,M
4,F,271,3.509090909,2754,118,3.6,,,,,,F
4,F,271,3.790625,3660,118,3.7,,,,,,F
3,F,271,3.514705882,3660,118,4,,,,,,F
1.7,F,271,2.946341463,2204,118,3.4,32,35,33,31,33,F
0,T,271,3.293103448,2204,118,0,,,,,,F
4,F,271,4,3660,118,,,,,,,M
4,F,271,3.683018868,834,118,3.4,29,22,25,24,25,F
0,T,271,2.914285714,3727,118,0,,,,,,M
3.3,F,271,3.834782609,506,118,0,35,30,35,35,34,M
2.7,F,271,3.4375,3727,118,3.3,26,30,21,26,26,F
2,F,271,3.382051282,4031,118,,3.6,34,30,29,26,?
2.7,F,271,3.646153846,3727,118,,3.9,33,35,31,34,1210.0
2.7,F,271,2.767346939,834,118,3.97,35,26,33,23,30,F
4,F,271,4.137931034,4582,118,3.2,32,31,30,36,32,M
3.3,F,271,3.08,3717,118,3.9,,,,,,F
4,F,271,4.095,4699,118,0,25,22,20,22,23,M
1.7,F,271,1.92972973,834,118,4,24,26,20,24,24,M
3.3,F,271,3.808,95,118,3.6,35,29,,,32,M
2.3,F,271,3.282608696,2754,118,4,,,,,,F
2.7,F,271,2.920512821,3727,118,3.7,,,,,,F
2.7,F,271,3.345652174,2204,118,4,36,36,36,35,36,M
2,F,271,2.707692308,4031,118,,,,,,,M
1.7,F,271,3.158536585,4699,118,3.2,29,26,,,29,F
1.7,F,271,3.059459459,4699,118,3.6,27,30,33,34,31,M
3,F,271,3.262162162,4605,118,3.7,,,,,,M
3,F,271,3.476744186,95,118,3.9,32,29,27,25,29,F
1.7,F,271,2.826666667,3727,118,3.7,,,,,,F
4,F,271,4.174358974,834,118,3.9,31,29,32,25,29,F
0,T,271,3.27,4582,118,4,32,27,28,26,28,F
2,F,271,3.209090909,3717,118,0,,,,,,M
0,T,271,3.171794872,3717,118,3.3,30,34,,,32,M
3,F,271,4,4699,118,3.2,34,28,27,29,30,F
2.7,F,271,3.205263158,506,118,4,19,20,13,21,18,F
2.7,F,271,3.378571429,4605,118,3.7,25,34,,,31,M
3,F,271,3.365517241,3909,118,3.9,32,33,32,30,32,F
3,F,271,3.395744681,2754,118,0,31,30,29,26,29,M
2.7,F,271,3.773913043,95,118,3.6,25,24,27,26,25,F
1,T,271,3.466666667,2120,118,3.4,,,,,,M
0,T,271,3.221052632,834,118,0,30,26,31,23,28,F
2.7,F,271,3.765217391,506,118,3.7,25,21,28,24,24,F
2.7,F,271,3.195238095,4582,118,4,33,34,36,36,35,M
3,F,271,3.707317073,4605,118,4,,,,,,M
2.7,F,271,2.907142857,3660,118,3.8,33,35,28,30,32,M
3.7,F,271,3.72,834,118,3.8,23,19,20,19,21,F
0,T,271,3.43,506,118,3.7,,,,,,F
1,T,271,3.275471698,834,118,3.3,,,,,,F
2.7,F,271,3.451724138,2754,118,0,33,35,29,35,33,M
2.7,F,271,3.248,4699,118,,,,,,,F
3,F,271,3.886046512,4582,118,3.7,25,22,29,25,26,M
2.7,F,271,3.461904762,4605,118,3.5,36,29,36,29,32,M
4,F,271,3.88,3660,118,,3.8,24,28,30,21,?
4,F,271,4.042105263,95,118,4,31,29,29,32,30,F
4,F,271,3.752808989,4582,118,,,,,,,F
3.4,F,271,3.715789474,4699,118,,,,,,,M
3.7,F,271,3.925,4605,118,3.7,25,30,26,28,28,M
2.7,F,271,3.231578947,4699,118,3.1,20,28,24,22,24,M
2.7,F,271,3.104347826,4031,118,3.8,27,28,29,28,28,F
4,F,271,4.08,4605,118,3.6,,,,,,M
2,F,271,3.786046512,4582,118,3.9,35,27,24,25,28,F
2.3,F,271,3.582222222,95,118,,3.9,28,31,24,30,?
2.3,F,271,3,2204,118,3.9,31,28,27,29,29,F
3,F,271,3.368852459,4605,118,2.9,,,,,,F
3.3,F,271,3.592,3909,118,3.9,,,,,,F
4,F,271,3.966666667,2120,118,0,29,27,26,25,27,F
2.7,F,271,3.236585366,834,118,4,30,32,31,32,32,F
3.3,F,271,3.558139535,95,118,3.9,29,27,30,26,28,F
0,T,271,3.002380952,2120,118,,,,,,,M
2.7,F,271,3.776190476,95,118,,,,,,,M
2.4,F,271,2.790909091,2754,118,3.7,,,,,,F
2.7,F,271,3.48,4031,118,2.6,,,,,,M
2.7,F,271,3.518181818,3660,118,,,,,,,M
2.7,F,271,3.582142857,4582,118,3.8,,,,,,F
0,T,271,3.085,4031,118,,,,,,,F
3,F,271,3.564285714,2120,118,3.9,30,27,,,34,M
1,T,271,2.728787879,3727,118,3.7,,,,,,M
4,F,271,3.55625,4699,118,3.2,33,18,26,21,24,M
2,F,271,3.465116279,4582,118,3.8,,,,,,M
0,T,271,2.886046512,2204,118,4,31,28,33,29,30,F
2.3,F,271,3.535555556,4699,118,0,,,,,,F
4,F,271,4.06,4605,118,4,34,29,,,32,F
2.7,F,271,3.09,3727,118,3.7,,,,,,F
4,F,271,3.858139535,3660,118,,,,,,,F
2,F,271,3.184090909,506,118,3.6,27,34,29,26,29,M
4,F,271,3.418604651,4605,118,0,,,,,,F
2,F,271,2.813207547,3717,118,3.9,,,,,,M
2.7,F,271,3.585714286,2120,118,3.9,36,35,34,29,34,M
4,F,271,3.552380952,4605,118,4,34,27,,,31,F
1.7,F,271,3.5725,3909,118,3.8,,,,,,F
1.7,F,271,2.951111111,2204,118,0,32,28,31,33,31,F
2.4,F,271,3.266666667,4031,118,,,,,,,M
3,F,271,3.72195122,2754,118,0,,,,,,F
3.3,F,271,4,3660,118,0,35,30,35,28,32,F
4,F,271,3.918181818,4582,118,3.2,,,,,,F
1.7,F,271,2.466666667,4605,118,3.7,33,31,32,31,32,F
4,F,271,4,2754,118,3.1,34,30,,,35,F
3.3,F,271,3.571428571,2204,118,3.3,21,22,27,31,25,M
0,T,271,2.871111111,3717,118,3.7,34,25,33,28,30,F
1.7,F,271,2.665151515,3727,118,3.6,28,24,34,27,29,F
3.3,F,271,3.768,2754,118,3.6,24,21,18,19,21,F
2,F,271,3.734146341,3909,118,3.5,31,35,31,31,32,F
3.3,F,271,3.33,834,118,3.8,22,28,27,25,26,M
2.3,F,271,3.405,4699,118,3.6,28,33,29,31,30,M
3,F,271,3.596774194,3717,118,0,,,,,,F
3.3,F,271,3.611764706,3909,118,3.9,31,34,30,28,31,F
0,T,271,3.168627451,4031,118,3.7,,,,,,F
4,F,271,4,4605,118,4,35,31,30,26,31,F
2,F,271,3.435714286,506,118,4,35,32,34,34,34,F
4,F,271,4.114285714,3717,118,4,,,,,,F
4,F,271,3.984,3909,118,2.4,,,,,,F
2.3,F,271,3.145714286,2754,118,3.9,,,,,,F
3,F,271,3.928,4699,118,,,,,,,F
2.7,F,271,3.644444444,3660,118,3.9,21,24,18,19,21,F
3.4,F,271,3.651162791,4699,118,,,,,,,M
4,F,271,3.674468085,2120,118,4,24,28,25,26,26,M
2,F,271,3.041025641,834,118,0,29,28,34,34,31,M
4,F,271,3.723809524,506,118,3.7,24,29,28,30,28,M
3,F,271,3.893333333,2120,118,3.9,28,24,30,26,27,F
3.7,F,271,3.352631579,834,118,4,,,,,,M
4,F,271,3.85,2754,118,3.83,26,25,28,27,27,M
2.3,F,271,3.144,3660,118,3.5,,,,,,M
3,F,271,3.904,2204,118,3.6,,,,,,M
1.7,F,271,3.294117647,3727,118,3.5,,,,,,F
1.7,F,271,2.984,4699,118,3.7,,,,,,F
4,F,271,4.171428571,3717,118,4,33,34,34,34,34,F
2.3,F,271,3.616,2204,118,3.9,29,32,29,29,30,M
1.7,F,271,2.966666667,2754,118,0,,,,,,F
0,T,271,3.048,3909,118,0,30,34,,,32,F
4,F,271,3.658536585,4699,118,4,33,34,32,30,32,M
0,T,271,3.970731707,4031,118,0,32,35,,,32,F
3,F,271,3.337209302,3717,118,4,28,30,,,28,M
2.7,F,271,3.284782609,3727,118,3.6,,,,,,F
3.4,F,271,3.784,834,118,3.5,,,,,,M
2,F,271,2.713333333,3727,118,0,29,33,30,27,30,M
3.4,F,271,3.170731707,2754,118,4,28,27,30,25,27,F
2.3,F,271,3.387096774,2120,118,3.9,32,35,32,30,33,M
2.3,F,271,3.736,2204,118,,,,,,,M
0,T,271,2.66,95,118,0,,,,,,F
2.4,F,271,3.0625,4031,118,3.4,22,23,,,25,M
1,T,271,3.111363636,95,118,4,34,35,33,31,33,M
4,F,271,3.858139535,4605,118,0,,,,,,F
3,F,271,3.581578947,4031,118,3.1,,,,,,M
4,F,271,3.5,4582,118,3.4,,,,,,F
3.7,F,271,3.435714286,2120,118,3.8,34,32,34,31,33,M
2,F,271,3.506976744,3717,118,,,,,,,F
2.3,F,271,3.433333333,4031,118,3.5,,,,,,M
3.4,F,271,3.852631579,4699,118,3.3,,,,,,F
3.3,F,271,3.739130435,3717,118,0,,,,,,F
4,F,271,3.891891892,3909,118,0,,,,,,F
3.3,F,271,4,2120,118,,0,26,27,26,32,1150.0
2.4,F,271,3.496,4031,118,3.9,30,34,33,34,33,M
2,F,271,3.184,2754,118,0,,,,,,M
4,F,271,4.191304348,2120,118,3.8,,,,,,F
2.7,F,271,3.12,4582,118,0,26,25,,,26,F
4,F,271,3.938461538,2754,118,3.8,,,,,,M
4,F,271,3.582608696,506,118,,,,,,,F
3.3,F,271,3.182608696,3717,118,3.9,28,34,,,28,F
2.7,F,271,3.528205128,4605,118,0,33,26,28,23,28,F
2.7,F,271,3.936,4031,118,3.9,34,35,24,34,32,M
2.3,F,271,3.1,4031,118,3.9,30,28,32,28,30,M
0,T,271,3.297222222,2754,118,3.5,35,24,36,23,29,M
4,F,271,3.925,4605,118,0,,,,,,F
2,F,271,3.533333333,3727,118,3.9,,,,,,F
1.7,F,271,3.074074074,3727,118,4,35,31,33,35,34,M
2.3,F,271,3.236111111,2754,118,4,31,34,31,28,31,M
2.7,F,271,3.521428571,2204,118,3.1,,,,,,F
4,F,271,3.843478261,2754,118,4,31,26,34,24,29,F
3.3,F,271,3.748837209,4582,118,3.7,,,,,,F
3.3,F,271,3.376190476,2754,118,3.6,28,31,,,31,M
3.3,F,271,3.370731707,4699,118,3.1,,,,,,F
2,F,271,3.545614035,834,118,3.8,32,33,31,27,31,F
0,T,271,2.9,4582,118,4,34,34,31,30,32,M
3,F,271,3.773333333,3727,118,3.5,28,35,32,34,32,M
3,F,271,3.690322581,4582,118,3.5,,,,,,M
3,F,271,3.874444444,4582,118,3.9,26,21,27,27,26,F
0,T,271,2.973913043,3660,118,3.9,26,33,29,24,28,M
2.3,F,271,3.831707317,95,118,4,35,25,33,22,29,F
2.7,F,271,3.558823529,2120,118,4,,,,,,M
3.3,F,271,3.785365854,2204,118,3.5,31,27,29,26,28,M
0,T,271,2.7,506,118,0,,,,,,M
2.3,F,271,3.206896552,3717,118,0,,,,,,M
1.7,F,271,2.750746269,4699,118,3.9,30,33,27,29,30,M
1.7,F,271,4.325,4582,118,0,23,29,,,28,M
3.7,F,271,3.496,2120,118,0,,,,,,M
4,F,271,3.984,4699,118,4,27,31,32,29,30,M
4,F,271,4.085714286,4582,118,3.9,28,33,25,24,27,M
2.3,F,271,3.228571429,4031,118,3.6,33,26,,,32,F
0,T,271,2.705882353,3727,118,3.17,22,23,22,21,22,M
2.3,F,271,3.412820513,3727,118,3.1,23,24,19,27,24,M
4,F,271,3.346341463,2204,118,2.8,,,,,,F
2,F,271,3.506976744,4605,118,3.6,32,31,30,29,30,F
0,T,271,2.864615385,2204,118,3.7,28,31,22,26,27,M
1,T,271,2.460465116,95,118,3.5,35,31,31,31,32,F
2,F,271,3.585714286,3909,118,3.6,20,16,21,20,20,M
1.7,F,271,2.6,4031,118,3.9,34,31,35,32,33,M
4,F,271,3.61,2754,118,3.3,,,,,,F
4,F,271,3.8475,4031,118,3.5,30,18,33,27,27,M
3.3,F,271,3.52125,2204,118,4,31,32,28,31,31,F
3,F,271,3.802325581,3909,118,0,,,,,,F
3,F,271,3.325531915,4699,118,4,,,,,,M
4,F,271,3.904347826,3660,118,0,,,,,,M
4,F,271,3.955,4699,118,3.9,30,34,27,30,31,F
2.7,F,271,3.1525,4699,118,3.3,,,,,,F
1,T,271,3.113953488,3727,118,4,25,24,21,22,23,M
2.7,F,271,3.354545455,834,118,3.8,26,28,35,28,30,M
0,T,271,3.506976744,3660,118,,,,,,,M
3,F,271,3.733333333,3727,118,0,23,25,23,22,23,M
1.7,F,271,3.394736842,3909,118,0,33,30,,,27,M
2.7,F,271,2.865686275,3717,118,,,,,,,F
3.3,F,271,3.5,506,118,0,,,,,,M
2.3,F,271,2.8,4699,118,3.9,30,25,32,25,28,F
4,F,271,4.104761905,3909,118,3.3,,,,,,M
4,F,271,4.128,4605,118,4,29,35,28,30,30,M
4,F,271,3.984482759,2204,118,3.9,,,,,,M
4,F,271,3.094642857,4031,118,3.8,30,30,29,24,28,F
3.3,F,271,3.329268293,95,118,0,,,,,,M
2.7,F,271,3.177777778,2120,118,3.6,,,,,,M
3,F,271,3.227027027,4699,118,0,35,33,33,29,33,M
2.7,F,271,3.672727273,506,118,4,31,33,31,29,31,F
0,T,271,3.087179487,3660,118,3.8,,,,,,M
3,F,271,3.426086957,3727,118,3.3,,,,,,M
0,T,271,3.241176471,95,118,3.9,27,35,,,31,M
4,F,271,4.16,3909,118,4,30,34,31,31,31,F
4,F,271,4.082758621,506,118,3.5,16,21,15,16,17,F
3.7,F,271,3.189473684,2204,118,3.67,35,33,34,26,32,F
4,F,271,3.867889908,4605,118,3.81,31,29,33,31,31,M
4,F,271,3.965714286,3660,118,3.9,,,,,,M
3,F,271,3.6375,4582,118,4,,,,,,M
3.4,F,271,3.855172414,2204,118,4,29,25,29,26,28,M
3,F,271,3.365853659,3909,118,3.9,27,27,27,28,27,F
4,F,271,4.060869565,2120,118,4,35,27,31,32,31,F
2.3,F,271,3.502380952,3909,118,,,,,,,M
4,F,271,3.92173913,834,118,3,27,31,31,26,29,M
4,F,271,3.843902439,4605,118,3.3,28,24,20,25,25,M
2,F,271,3.1475,2754,118,0,28,29,29,23,28,F
4,F,271,3.722222222,4582,118,0,,,,,,F
2.3,F,271,3.5,3909,118,4,30,33,28,27,30,M
4,F,271,3.769230769,3727,118,3.7,,,,,,F
0,T,271,3.646875,4605,118,3.9,29,24,32,31,29,F
4,F,271,3.40877193,506,118,0,31,31,28,27,29,F
3.3,F,271,3.928,4699,118,4,27,30,28,27,28,M
2,F,271,3.032,2204,118,3,,,,,,M
3,F,271,3.129268293,3727,118,3.6,,,,,,M
4,F,271,3.784,4582,118,4,,,,,,M
4,F,271,3.692682927,4699,118,3.9,24,24,30,28,26,M
3,F,271,3.777777778,506,118,,,,,,,M
3,F,271,3.441176471,3660,118,3.6,,,,,,M
4,F,271,3.938461538,506,118,0,,,,,,F
3,F,271,3.739130435,4605,118,3.2,,,,,,M
4,F,271,3.790322581,2204,118,4,34,34,36,29,34,F
2.7,F,271,3.081428571,3909,118,3.9,,,,,,F
3,F,271,3.834210526,2120,118,,,,,,,?
4,F,271,3.816666667,506,118,,,,,,,?
2,F,271,2.694444444,4031,118,,,,,,,?
2.7,F,271,3.520535714,3909,118,,,,,,,?
0,T,271,3.425,834,118,,,,,,,?
2.7,F,271,3.713043478,95,118,,,,,,,?
0,T,271,3.2,506,118,,,,,,,?
2.3,F,271,3.345454545,3909,118,,,,,,,?
2,F,271,2.973469388,4031,118,,,,,,,?
0,T,271,4.304,834,118,,,,,,,?
3.7,F,271,3.775,2754,118,,,,,,,?
3,F,271,3.418604651,506,118,,,,,,,?
0,T,271,3.158536585,4605,118,,,,,,,?
4,F,271,3.661538462,3909,118,,,,,,,?
2,F,271,3.3,2120,118,,,,,,,?
4,F,271,3.91627907,2120,118,,,,,,,?
1.3,F,271,2.686956522,2204,118,,,,,,,?
2.3,F,271,3.39516129,3660,118,,,,,,,?
4,F,271,4,95,118,,,,,,,?
4,F,271,4.038095238,4582,118,,,,,,,?
0,T,271,3.492307692,3727,118,,,,,,,?
1.7,F,271,2.409756098,95,118,,,,,,,?
2.3,F,271,3.709090909,3660,118,,,,,,,?
3.7,F,271,3.966666667,506,118,,,,,,,?
4,F,271,3.759259259,834,118,,,,,,,?
4,F,271,3.979310345,95,118,,,,,,,?
1.7,F,271,3.431707317,834,118,,,,,,,?
2,F,271,3.319607843,2754,118,,,,,,,?
4,F,271,3.736,4582,118,,,,,,,?
3.3,F,271,3.436842105,4699,118,,,,,,,?
2,F,271,3.229268293,4605,118,,,,,,,?
4,F,271,4.115789474,506,118,,,,,,,?
2.3,F,271,3.497222222,4031,118,,,,,,,?
2.7,F,271,3.358536585,4605,118,,,,,,,?
1.7,F,271,2.951351351,834,118,,,,,,,?
4,F,271,3.4,3909,118,,,,,,,?
3,F,271,3.885714286,2204,118,,,,,,,?
3,F,271,3.282051282,3717,118,,,,,,,?
4,F,271,3.856,4582,118,,,,,,,?
4,F,271,4.186666667,3909,118,,,,,,,?
4,F,271,3.357142857,3660,118,,,,,,,?
2.7,F,271,3.194117647,3660,118,,,,,,,?
4,F,271,3.720879121,506,118,,,,,,,?
4,F,271,3.964,2120,118,,,,,,,?
2.7,F,271,3.325531915,95,118,,,,,,,?
2.7,F,271,3.260344828,3727,118,,,,,,,?
4,F,271,3.92,834,118,,,,,,,?
4,F,271,3.942857143,2754,118,,,,,,,?
1.7,F,271,2.941860465,2204,118,,,,,,,?
4,F,271,3.765217391,506,118,,,,,,,?
0,T,271,2.96,2120,118,,,,,,,?
1,T,271,3.356363636,4605,118,,,,,,,?
3.7,F,271,3.308695652,4582,118,,,,,,,?
4,F,271,3.925,506,118,,,,,,,?
0,T,271,1.888095238,506,118,,,,,,,?
2,F,271,2.967368421,2754,118,,,,,,,?
2.7,F,271,3.466666667,3909,118,,,,,,,?
2.3,F,271,3.354054054,3727,118,,,,,,,?
3,F,271,2.6,3727,118,,,,,,,?
3,F,271,3.34,3660,118,,,,,,,?
3.3,F,271,3.972727273,95,118,,,,,,,?
2.7,F,271,3.517073171,2204,118,,,,,,,?
4,F,271,3.793103448,95,118,,,,,,,?
4,F,271,3.975,95,118,,,,,,,?
0,T,271,3.5425,834,118,,,,,,,?
2,F,271,3.276315789,2754,118,,,,,,,?
2,F,271,3.245945946,4582,118,,,,,,,?
4,F,271,4.256,95,118,,,,,,,?
4,F,271,3.832,3717,118,,,,,,,?
2.3,F,271,2.781818182,4582,118,,,,,,,?
3.3,F,271,3.585714286,4031,118,,,,,,,?
4,F,271,3.565789474,3717,118,,,,,,,?
1.7,F,271,3.358139535,3717,118,,,,,,,?
4,F,271,4.096,95,118,,,,,,,?
2,F,271,3.5,4031,118,,,,,,,?
2.7,F,271,3.197674419,834,118,,,,,,,?
4,F,271,4.008,834,118,,,,,,,?
2.3,F,271,3.361538462,4031,118,,,,,,,?
2.3,F,271,3.330555556,3717,118,,,,,,,?
4,F,271,3.94893617,3727,118,,,,,,,?
4,F,271,3.945454545,2204,118,,,,,,,?
4,F,271,3.974468085,834,118,,,,,,,?
1.3,F,271,3.25,4605,118,,,,,,,?
4,F,271,3.333333333,834,118,,,,,,,?
2.3,F,271,3,2204,118,,,,,,,?
4,F,271,3.941463415,506,118,,,,,,,?
3.3,F,271,3.738297872,4031,118,,,,,,,?
0,T,271,3.524324324,834,118,,,,,,,?
2,F,271,3.23220339,95,118,,,,,,,?
2,F,271,3.622857143,4605,118,,,,,,,?
3,F,271,3.606956522,4582,118,,,,,,,?
2.7,F,271,2.914444444,506,118,,,,,,,?
3,F,271,3.355172414,95,118,,,,,,,?
0,T,271,3.687804878,4699,118,,,,,,,?
3.3,F,271,4.008,2754,118,,,,,,,?
4,F,271,4.12,506,118,,,,,,,?
2.7,F,271,3.151851852,3909,118,,,,,,,?
2,F,271,3.212820513,4605,118,,,,,,,?
4,F,271,4,3909,118,,,,,,,?
3.3,F,271,3.424,2204,118,,,,,,,?
2,F,271,3.331034483,506,118,,,,,,,?
3.3,F,271,3.966666667,3660,118,,,,,,,?
2.7,F,271,3.047058824,4582,118,,,,,,,?
2,F,271,2.820289855,4582,118,,,,,,,?
2.7,F,271,3.52,2120,118,,,,,,,?
3,F,271,3.607692308,3909,118,,,,,,,?
4,F,271,3.775,3727,118,,,,,,,?
3.3,F,271,3.74,2120,118,,,,,,,?
2,F,271,3.302439024,834,118,,,,,,,?
4,F,271,4.03,3727,118,,,,,,,?
4,F,271,4.171428571,4699,118,,,,,,,?
4,F,271,3.66744186,2754,118,,,,,,,?
1.7,F,271,3.03030303,3727,118,,,,,,,?
2.3,F,271,3.628571429,506,118,,,,,,,?
4,F,271,4.256,2120,118,,,,,,,?
2.7,F,271,3.02,2754,118,,,,,,,?
2.7,F,271,3.169767442,95,118,,,,,,,?
3.7,F,271,3.746511628,4582,118,,,,,,,?
2.7,F,271,2.725641026,2120,118,,,,,,,?
2,F,271,2.884313725,95,118,,,,,,,?
2.7,F,271,3.643902439,4031,118,,,,,,,?
3,F,271,3.728571429,3909,118,,,,,,,?
1.7,F,271,3.134883721,2120,118,,,,,,,?
3.3,F,271,3.852830189,4031,118,,,,,,,?
2.3,F,271,3.472413793,506,118,,,,,,,?
3,F,271,3.582608696,4031,118,,,,,,,?
4,F,271,4.243478261,2120,118,,,,,,,?
4,F,271,4.208695652,4699,118,,,,,,,?
4,F,271,4.133333333,4031,118,,,,,,,?
4,F,271,3.419047619,2120,118,,,,,,,?
4,F,271,4.295652174,3909,118,,,,,,,?
3.3,F,271,3.43,3660,118,,,,,,,?
2.3,F,271,3.405263158,4605,118,,,,,,,?
3.3,F,271,3.851162791,4031,118,,,,,,,?
3,F,271,3.285714286,2754,118,,,,,,,?
3.3,F,271,3.180769231,2120,118,,,,,,,?
3.3,F,271,3.545588235,4605,118,,,,,,,?
2.3,F,271,3.092,3717,118,,,,,,,?
4,F,271,3.692857143,4031,118,,,,,,,?
3.4,F,271,3.4475,3660,118,,,,,,,?
2.3,F,271,2.602439024,3909,118,,,,,,,?
2.7,F,271,3.102380952,2204,118,,,,,,,?
2,F,271,2.978947368,4164,119,0,,,,,,M
4,F,271,3.547619048,317,119,3.4,27,20,24,24,24,M
4,F,271,4,31,119,0,32,25,31,24,28,M
2.4,F,271,3.57173913,3851,119,4,,,,,,F
4,F,271,3.736,3851,119,3.9,28,30,,,34,F
4,F,271,3.866666667,1113,119,3.9,29,25,,,29,F
3,F,271,3.502941176,1374,119,4,27,33,29,29,29,M
3.3,F,271,3.58,1374,119,3.9,31,28,34,27,30,F
2.7,F,271,2.934482759,1374,119,3.4,,,,,,M
3,F,271,3.544,317,119,3.8,30,27,29,22,27,F
3,F,271,3.605263158,317,119,3.6,23,24,26,21,24,F
0,T,271,1.997368421,317,119,0,30,30,29,25,29,M
2.7,F,271,3.694736842,317,119,4,35,36,32,35,34,F
2.7,F,271,3.64,4164,119,3.8,28,24,23,23,25,F
2.7,F,271,3.180487805,317,119,,,,,,,M
3.3,F,271,3.5375,3851,119,4,30,27,31,21,27,M
3,F,271,3.593103448,317,119,4,27,24,31,26,27,F
2.3,F,271,3.091304348,1374,119,,,,,,,M
0,T,271,2.833333333,1113,119,3.6,,,,,,F
2.7,F,271,3.576315789,317,119,3.2,30,36,29,26,30,F
2.3,F,271,3.446153846,3851,119,4,,,,,,F
3.3,F,271,3.768421053,1374,119,3.7,23,24,26,22,24,F
2.7,F,271,3.418181818,1113,119,3.8,29,27,22,24,26,F
3.7,F,271,3.98,317,119,3.5,,,,,,F
3,F,271,3.221621622,31,119,3.1,,,,,,M
3.4,F,271,3.622727273,3851,119,0,,,,,,M
3.3,F,271,3.698507463,31,119,3.9,29,32,29,30,30,M
3,F,271,3.73,31,119,3,,,,,,F
4,F,271,3.866666667,317,119,3.4,,,,,,F
4,F,271,3.907692308,1113,119,3.9,31,33,34,31,33,F
1.7,F,271,2.534615385,317,119,2.1,,,,,,F
2.3,F,271,3.391489362,317,119,4,36,29,,,27,M
4,F,271,3.966666667,1113,119,3.9,23,28,,,31,F
2,F,271,2.804901961,4164,119,3.7,23,20,28,25,24,F
2.3,F,271,2.8775,4164,119,4,36,31,36,31,33,M
2,F,271,2.568181818,1113,119,4,25,31,30,29,29,F
2.7,F,271,3.488888889,3851,119,3.3,,,,,,F
0,T,271,1.909302326,317,119,3.8,28,32,33,28,31,M
0,T,271,2.592857143,1113,119,3.1,,,,,,M
3.7,F,271,3.746666667,1374,119,3.9,31,27,27,27,28,M
3,F,271,3.393023256,1113,119,2.9,,,,,,M
2.3,F,271,2.98,4164,119,0,27,25,28,23,26,F
3.7,F,271,3.085714286,3851,119,2.2,,,,,,M
4,F,271,3.610810811,31,119,3.7,,,,,,F
2.3,F,271,3.111864407,1374,119,0,26,15,,,24,F
3.7,F,271,3.720930233,1374,119,3.2,,,,,,M
4,F,271,3.722222222,3851,119,4,26,31,17,26,25,M
4,F,271,3.915384615,1374,119,3.2,,,,,,F
3,F,271,3.497777778,1374,119,3.7,,,,,,M
2.7,F,271,3.504761905,317,119,3,,,,,,M
3,F,271,2.989473684,31,119,3.3,,,,,,F
2.7,F,271,3.449090909,31,119,,,,,,,M
4,F,271,3.651162791,1113,119,0,,,,,,M
3,F,271,3.4,3851,119,4,,,,,,F
1.7,F,271,2.428571429,31,119,4,33,34,34,29,32,F
1.7,F,271,2.221126761,31,119,4,36,36,34,35,36,M
3,F,271,3.246666667,3851,119,3.5,23,18,21,20,21,F
3,F,271,3.315789474,1113,119,3.7,,,,,,M
4,F,271,3.673170732,317,119,3.9,34,32,36,36,34,M
2.3,F,271,3.2,4164,119,3.9,,,,,,M
2.7,F,271,3.1475,4164,119,3.4,,,,,,M
0,T,271,3.19787234,3851,119,3.9,,,,,,M
3.3,F,271,3.121428571,1113,119,3.6,,,,,,M
4,F,271,3.81,3851,119,3.9,28,28,32,27,29,F
3.3,F,271,3.319607843,4164,119,3.3,,,,,,F
3,F,271,3.45952381,3851,119,3.5,33,34,,,31,M
1.7,F,271,3.063636364,4164,119,3.5,,,,,,M
2.7,F,271,3.520930233,1113,119,0,,,,,,M
3,F,271,3.152173913,31,119,0,34,28,24,25,28,M
1.7,F,271,3.509090909,3851,119,3.4,32,33,35,36,34,M
4,F,271,3.502564103,1374,119,,3.8,31,29,29,30,?
4,F,271,3.812195122,1113,119,3.7,,,,,,F
4,F,271,3.809090909,1374,119,0,,,,,,M
3,F,271,3.394285714,3851,119,3.9,,,,,,F
3.4,F,271,3.681395349,3851,119,3.8,24,34,,,30,M
3.3,F,271,3.885135135,1113,119,0,,,,,,M
2.7,F,271,3.125833333,31,119,4,,,,,,F
3,F,271,3.234883721,3851,119,3.9,30,27,34,25,29,F
1.7,F,271,2.76,31,119,,,,,,,M
3,F,271,3.322222222,1113,119,,0,23,22,31,23,?
4,F,271,3.383333333,31,119,3.9,,,,,,M
4,F,271,3.911111111,4164,119,3.4,,,,,,F
3,F,271,2.966666667,31,119,3.7,,,,,,F
2,F,271,3.179310345,31,119,3.9,32,33,30,25,30,F
4,F,271,3.953846154,1113,119,3.9,29,32,30,35,31,M
4,F,271,3.863636364,31,119,3.9,,,,,,M
4,F,271,3.666666667,31,119,3.2,,,,,,F
2.7,F,271,3.488888889,3851,119,3.8,32,34,,,34,M
2.3,F,271,2.102255639,4164,119,4,34,32,,,33,F
4,F,271,3.905454545,31,119,3.9,,,,,,F
3,F,271,3.198913043,1113,119,3.9,28,32,28,26,28,M
2.3,F,271,3.481818182,4164,119,3.9,,,,,,M
2.3,F,271,3.02,4164,119,3.9,,,,,,F
3.7,F,271,3.592307692,1113,119,3.8,,,,,,F
3.3,F,271,3.801960784,1113,119,3.8,,,,,,M
3,F,271,3.551612903,1113,119,,,,,,,F
3.3,F,271,3.652272727,4164,119,0,,,,,,F
3.3,F,271,2.892592593,3851,119,4,32,34,27,24,29,M
1,T,271,2.919148936,1113,119,,,,,,,F
0,T,271,2.490322581,4164,119,3.4,28,27,29,34,30,F
3,F,271,3.254,3851,119,3.6,,,,,,F
0,T,271,3.254098361,4164,119,3.9,26,34,,,29,F
2.7,F,271,3.090909091,4164,119,4,35,28,31,33,32,F
2.7,F,271,3.7,3851,119,3.8,30,25,30,26,28,F
2.7,F,271,3.166666667,4164,119,0,20,19,23,21,21,M
3,F,271,3.781818182,1113,119,3.9,,,,,,F
2.3,F,271,3.379487179,1113,119,3.5,,,,,,F
3,F,271,3.452631579,1374,119,4,,,,,,F
3,F,271,3.289189189,3851,119,0,,,,,,F
2.7,F,271,2.578651685,31,119,3.6,29,34,26,28,29,M
3.7,F,271,3.769230769,1374,119,3.8,34,35,,,34,M
2.7,F,271,3.391836735,31,119,3.1,,,,,,F
2.3,F,271,3.294117647,31,119,,,,,,,M
1,T,271,3.291176471,317,119,,,,,,,?
2,F,271,3.004166667,1374,119,,,,,,,?
3.3,F,271,3.309302326,4010,122,3.8,34,31,29,32,32,F
3,F,271,3.204651163,2971,122,0,29,36,35,31,33,M
2,F,271,3.856,2886,122,0,33,30,34,31,32,F
3,F,271,4.32,683,122,,,,,,,F
2.4,F,271,2.708928571,2971,122,3.9,31,28,31,29,30,F
4,F,271,3.817391304,1115,122,3.6,34,34,34,28,33,M
1.7,F,271,3.724489796,1115,122,4,,,,,,F
3,F,271,3.4,3252,122,3.88,31,35,32,33,33,M
4,F,271,3.866666667,2886,122,3.1,,,,,,F
3.3,F,271,3.40625,3252,122,3.9,26,25,19,19,23,M
2,F,271,3.428571429,4744,122,4,32,32,32,24,30,F
3,F,271,3.445238095,1914,122,3.9,32,32,25,22,28,F
3.4,F,271,3.496,4178,122,3.1,,,,,,F
4,F,271,3.71025641,1115,122,3.9,32,23,30,28,29,F
4,F,271,3.976470588,1115,122,0,30,25,27,26,27,F
1,T,271,2.6,3252,122,3.9,20,25,24,27,24,M
4,F,271,5.2,4178,122,0,31,32,28,24,29,F
2.7,F,271,3.818518519,683,122,3.9,30,32,27,30,30,M
2,F,271,3.502941176,3717,122,3.5,,,,,,F
4,F,271,3.944186047,4010,122,3.3,,,,,,F
4,F,271,3.74,4178,122,2.9,21,25,18,23,22,F
3.7,F,271,3.820895522,3547,122,3.9,,,,,,M
2.3,F,271,2.845081967,3252,122,3.2,28,22,30,26,26,M
3.7,F,271,4.137931034,3252,122,3.8,,,,,,M
2,F,271,3.202439024,4744,122,0,,,,,,F
4,F,271,3.9175,1914,122,4,25,21,18,21,22,F
4,F,271,3.968421053,3717,122,3.8,,,,,,F
3.3,F,271,3.666666667,4744,122,,,,,,,M
3.3,F,271,3.423404255,3547,122,3.3,,,,,,F
2,F,271,3.1875,3717,122,,,,,,,M
2.3,F,271,3.213953488,335,122,,,,,,,M
3.7,F,271,4,683,122,0,23,22,25,23,24,M
2.3,F,271,2.73625,3547,122,3.5,,,,,,M
3.3,F,271,3.791489362,4744,122,3.9,,,,,,F
4,F,271,4,1914,122,3.8,32,29,31,34,32,M
3.7,F,271,3.928,2458,122,3.8,28,29,28,24,27,M
3.4,F,271,3.525,3252,122,3.4,,,,,,M
4,F,271,3.94893617,683,122,3.8,32,26,30,29,29,F
4,F,271,3.76,683,122,3.7,31,31,33,30,32,M
3.3,F,271,3.242857143,4744,122,3.6,,,,,,F
3,F,271,3.3,4010,122,3.9,32,30,36,31,33,F
2.3,F,271,3.060465116,4744,122,3.9,28,30,24,28,28,M
2.3,F,271,3.847619048,3547,122,3.9,,,,,,F
3.3,F,271,3.76,2458,122,4,33,34,32,26,31,M
4,F,271,4.209090909,779,122,3.8,,,,,,F
3,F,271,3.231707317,2458,122,0,,,,,,F
2.7,F,271,3.384615385,2886,122,3.8,33,25,27,26,28,F
2,F,271,3.660869565,779,122,4,,,,,,F
