{
    "os": "Linux-6.1.85+-x86_64-with-glibc2.35",
    "python": "3.10.12",
    "heartbeatAt": "2024-05-27T04:22:26.945911",
    "startedAt": "2024-05-27T04:22:21.309093",
    "docker": null,
    "cuda": null,
    "args": null,
    "state": "running",
    "program": "Assignment.ipynb",
    "colab": "https://colab.research.google.com/notebook#fileId=1Hur--LvyAsECncpuQ0pMrUygjrbXMIlz",
    "host": "da0d978a4179",
    "username": "root",
    "executable": "/usr/bin/python3",
    "cpu_count": 1,
    "cpu_count_logical": 2,
    "cpu_freq": {
        "current": 2199.998,
        "min": 0.0,
        "max": 0.0
    },
    "cpu_freq_per_core": [
        {
            "current": 2199.998,
            "min": 0.0,
            "max": 0.0
        },
        {
            "current": 2199.998,
            "min": 0.0,
            "max": 0.0
        }
    ],
    "disk": {
        "total": 107.71508407592773,
        "used": 31.978012084960938
    },
    "memory": {
        "total": 12.674774169921875
    }
}
