{
    "os": "Linux-6.1.58+-x86_64-with-glibc2.35",
    "python": "3.10.12",
    "heartbeatAt": "2024-05-16T10:18:28.848236",
    "startedAt": "2024-05-16T10:18:23.305164",
    "docker": null,
    "cuda": null,
    "args": null,
    "state": "running",
    "program": "Assignment.ipynb",
    "colab": "https://colab.research.google.com/notebook#fileId=1Hur--LvyAsECncpuQ0pMrUygjrbXMIlz",
    "host": "1bf7bee6f393",
    "username": "root",
    "executable": "/usr/bin/python3",
    "cpu_count": 1,
    "cpu_count_logical": 2,
    "cpu_freq": {
        "current": 2200.176,
        "min": 0.0,
        "max": 0.0
    },
    "cpu_freq_per_core": [
        {
            "current": 2200.176,
            "min": 0.0,
            "max": 0.0
        },
        {
            "current": 2200.176,
            "min": 0.0,
            "max": 0.0
        }
    ],
    "disk": {
        "total": 107.71508407592773,
        "used": 31.895854949951172
    },
    "memory": {
        "total": 12.674793243408203
    }
}
