{
    "os": "Linux-6.1.85+-x86_64-with-glibc2.35",
    "python": "3.10.12",
    "heartbeatAt": "2024-05-28T09:39:52.174521",
    "startedAt": "2024-05-28T09:39:46.400790",
    "docker": null,
    "cuda": null,
    "args": null,
    "state": "running",
    "program": "Assignment.ipynb",
    "colab": "https://colab.research.google.com/notebook#fileId=1Hur--LvyAsECncpuQ0pMrUygjrbXMIlz",
    "host": "ebc7552fd176",
    "username": "root",
    "executable": "/usr/bin/python3",
    "cpu_count": 8,
    "cpu_count_logical": 16,
    "cpu_freq": {
        "current": 2200.232,
        "min": 0.0,
        "max": 0.0
    },
    "cpu_freq_per_core": [
        {
            "current": 2200.232,
            "min": 0.0,
            "max": 0.0
        },
        {
            "current": 2200.232,
            "min": 0.0,
            "max": 0.0
        },
        {
            "current": 2200.232,
            "min": 0.0,
            "max": 0.0
        },
        {
            "current": 2200.232,
            "min": 0.0,
            "max": 0.0
        },
        {
            "current": 2200.232,
            "min": 0.0,
            "max": 0.0
        },
        {
            "current": 2200.232,
            "min": 0.0,
            "max": 0.0
        },
        {
            "current": 2200.232,
            "min": 0.0,
            "max": 0.0
        },
        {
            "current": 2200.232,
            "min": 0.0,
            "max": 0.0
        },
        {
            "current": 2200.232,
            "min": 0.0,
            "max": 0.0
        },
        {
            "current": 2200.232,
            "min": 0.0,
            "max": 0.0
        },
        {
            "current": 2200.232,
            "min": 0.0,
            "max": 0.0
        },
        {
            "current": 2200.232,
            "min": 0.0,
            "max": 0.0
        },
        {
            "current": 2200.232,
            "min": 0.0,
            "max": 0.0
        },
        {
            "current": 2200.232,
            "min": 0.0,
            "max": 0.0
        },
        {
            "current": 2200.232,
            "min": 0.0,
            "max": 0.0
        },
        {
            "current": 2200.232,
            "min": 0.0,
            "max": 0.0
        }
    ],
    "disk": {
        "total": 201.22513961791992,
        "used": 32.172943115234375
    },
    "gpu": "NVIDIA L4",
    "gpu_count": 1,
    "gpu_devices": [
        {
            "name": "NVIDIA L4",
            "memory_total": 24152899584
        }
    ],
    "memory": {
        "total": 62.804237365722656
    }
}
