{
    "os": "Linux-6.1.58+-x86_64-with-glibc2.35",
    "python": "3.10.12",
    "heartbeatAt": "2024-05-14T12:15:09.156172",
    "startedAt": "2024-05-14T12:15:03.688312",
    "docker": null,
    "cuda": null,
    "args": null,
    "state": "running",
    "program": "Assignment.ipynb",
    "colab": "https://colab.research.google.com/notebook#fileId=1Hur--LvyAsECncpuQ0pMrUygjrbXMIlz",
    "host": "e9a994c96eef",
    "username": "root",
    "executable": "/usr/bin/python3",
    "cpu_count": 1,
    "cpu_count_logical": 2,
    "cpu_freq": {
        "current": 2299.998,
        "min": 0.0,
        "max": 0.0
    },
    "cpu_freq_per_core": [
        {
            "current": 2299.998,
            "min": 0.0,
            "max": 0.0
        },
        {
            "current": 2299.998,
            "min": 0.0,
            "max": 0.0
        }
    ],
    "disk": {
        "total": 78.1898422241211,
        "used": 31.891395568847656
    },
    "gpu": "Tesla T4",
    "gpu_count": 1,
    "gpu_devices": [
        {
            "name": "Tesla T4",
            "memory_total": 16106127360
        }
    ],
    "memory": {
        "total": 12.674789428710938
    }
}
